지점,지점명,일시,SPI3
146,전주,01/01/2022,-0.15
146,전주,02/01/2022,-0.09
146,전주,03/01/2022,-0.08
146,전주,04/01/2022,-0.08
146,전주,05/01/2022,-0.04
146,전주,06/01/2022,-0.02
146,전주,07/01/2022,-0.09
146,전주,08/01/2022,-0.08
146,전주,09/01/2022,-0.08
146,전주,10/01/2022,-0.12
146,전주,11/01/2022,-0.24
146,전주,12/01/2022,-0.22
146,전주,13/01/2022,-0.21
146,전주,14/01/2022,-0.19
146,전주,15/01/2022,-0.4
146,전주,16/01/2022,-0.57
146,전주,17/01/2022,-0.57
146,전주,18/01/2022,-0.56
146,전주,19/01/2022,-0.66
146,전주,20/01/2022,-0.68
146,전주,21/01/2022,-0.69
146,전주,22/01/2022,-0.66
146,전주,23/01/2022,-0.67
146,전주,24/01/2022,-0.65
146,전주,25/01/2022,-0.62
146,전주,26/01/2022,-0.6
146,전주,27/01/2022,-0.57
146,전주,28/01/2022,-0.52
146,전주,29/01/2022,-0.52
146,전주,30/01/2022,-0.5
146,전주,31/01/2022,-0.45
146,전주,01/02/2022,-0.4
146,전주,02/02/2022,-0.38
146,전주,03/02/2022,-0.39
146,전주,04/02/2022,-0.39
146,전주,05/02/2022,-0.36
146,전주,06/02/2022,-0.3
146,전주,08/02/2022,-0.92
146,전주,09/02/2022,-1.03
146,전주,10/02/2022,-1.44
146,전주,11/02/2022,-1.43
146,전주,12/02/2022,-1.58
146,전주,13/02/2022,-1.65
146,전주,14/02/2022,-1.67
146,전주,15/02/2022,-1.63
146,전주,16/02/2022,-1.56
146,전주,17/02/2022,-1.5
146,전주,18/02/2022,-1.49
146,전주,19/02/2022,-1.49
146,전주,20/02/2022,-1.49
146,전주,21/02/2022,-1.5
146,전주,22/02/2022,-1.81
146,전주,23/02/2022,-1.87
146,전주,24/02/2022,-1.9
146,전주,25/02/2022,-1.83
146,전주,26/02/2022,-1.83
146,전주,27/02/2022,-1.72
146,전주,28/02/2022,-2.95
146,전주,01/03/2022,-2.64
146,전주,02/03/2022,-2.58
146,전주,03/03/2022,-2.7
146,전주,04/03/2022,-2.68
146,전주,05/03/2022,-2.81
146,전주,06/03/2022,-2.8
146,전주,07/03/2022,-2.81
146,전주,08/03/2022,-2.8
146,전주,09/03/2022,-2.8
146,전주,10/03/2022,-2.85
146,전주,11/03/2022,-2.88
146,전주,12/03/2022,-3.02
146,전주,13/03/2022,-1.83
146,전주,14/03/2022,-1.59
146,전주,15/03/2022,-1.7
146,전주,16/03/2022,-1.73
146,전주,17/03/2022,-1.65
146,전주,18/03/2022,-1.66
146,전주,19/03/2022,-1.12
146,전주,20/03/2022,-1.15
146,전주,21/03/2022,-1.15
146,전주,22/03/2022,-1.17
146,전주,23/03/2022,-1.25
146,전주,24/03/2022,-1.26
146,전주,25/03/2022,-0.86
146,전주,26/03/2022,-0.43
146,전주,27/03/2022,-0.43
146,전주,28/03/2022,-0.44
146,전주,29/03/2022,-0.46
146,전주,30/03/2022,-0.46
146,전주,31/03/2022,-0.46
146,전주,01/04/2022,-0.49
146,전주,02/04/2022,-0.51
146,전주,03/04/2022,-0.52
146,전주,04/04/2022,-0.53
146,전주,05/04/2022,-0.57
146,전주,06/04/2022,-0.64
146,전주,07/04/2022,-0.56
146,전주,08/04/2022,-0.57
146,전주,09/04/2022,-0.68
146,전주,10/04/2022,-0.73
146,전주,11/04/2022,-0.79
146,전주,12/04/2022,-0.84
146,전주,13/04/2022,-0.13
146,전주,14/04/2022,-0.16
146,전주,15/04/2022,-0.19
146,전주,16/04/2022,-0.23
146,전주,17/04/2022,-0.27
146,전주,18/04/2022,-0.36
146,전주,19/04/2022,-0.44
146,전주,20/04/2022,-0.46
146,전주,21/04/2022,-0.49
146,전주,22/04/2022,-0.52
146,전주,23/04/2022,-0.54
146,전주,24/04/2022,-0.55
146,전주,25/04/2022,-0.33
146,전주,26/04/2022,0.14
146,전주,27/04/2022,0.11
146,전주,28/04/2022,0.05
146,전주,29/04/2022,0.22
146,전주,30/04/2022,0.18
146,전주,01/05/2022,0.14
146,전주,02/05/2022,0.1
146,전주,03/05/2022,0.04
146,전주,04/05/2022,0.02
146,전주,05/05/2022,0
146,전주,06/05/2022,-0.06
146,전주,07/05/2022,-0.14
146,전주,08/05/2022,-0.15
146,전주,09/05/2022,-0.16
146,전주,10/05/2022,-0.21
146,전주,11/05/2022,-0.27
146,전주,12/05/2022,-0.3
146,전주,13/05/2022,-0.37
146,전주,14/05/2022,-0.42
146,전주,15/05/2022,-0.43
146,전주,16/05/2022,-0.43
146,전주,17/05/2022,-0.46
146,전주,18/05/2022,-0.53
146,전주,19/05/2022,-0.55
146,전주,20/05/2022,-0.55
146,전주,21/05/2022,-0.57
146,전주,22/05/2022,-0.56
146,전주,23/05/2022,-0.53
146,전주,24/05/2022,-0.53
146,전주,25/05/2022,-0.5
146,전주,26/05/2022,-0.49
146,전주,27/05/2022,-0.48
146,전주,28/05/2022,-0.47
146,전주,29/05/2022,-0.48
146,전주,30/05/2022,-0.45
146,전주,31/05/2022,-0.47
146,전주,01/06/2022,-0.58
146,전주,02/06/2022,-0.61
146,전주,03/06/2022,-0.56
146,전주,04/06/2022,-0.55
146,전주,05/06/2022,-0.32
146,전주,06/06/2022,-0.29
146,전주,07/06/2022,0.12
146,전주,08/06/2022,0.07
146,전주,09/06/2022,0.05
146,전주,10/06/2022,-0.05
146,전주,11/06/2022,-0.09
146,전주,12/06/2022,-0.09
146,전주,13/06/2022,-0.45
146,전주,14/06/2022,-0.52
146,전주,15/06/2022,-0.41
146,전주,16/06/2022,-0.42
146,전주,17/06/2022,-0.51
146,전주,18/06/2022,-0.65
146,전주,19/06/2022,-1.01
146,전주,20/06/2022,-1.05
146,전주,21/06/2022,-1.06
146,전주,22/06/2022,-1.09
146,전주,23/06/2022,-0.58
146,전주,24/06/2022,0.04
146,전주,25/06/2022,-0.19
146,전주,26/06/2022,-0.43
146,전주,27/06/2022,-0.5
146,전주,28/06/2022,-0.55
146,전주,29/06/2022,-0.6
146,전주,30/06/2022,-0.64
146,전주,01/07/2022,-0.74
146,전주,02/07/2022,-0.78
146,전주,03/07/2022,-0.7
146,전주,04/07/2022,-0.49
146,전주,05/07/2022,-0.56
146,전주,06/07/2022,-0.59
146,전주,07/07/2022,-0.65
146,전주,08/07/2022,-0.67
146,전주,09/07/2022,-0.69
146,전주,10/07/2022,-0.62
146,전주,11/07/2022,-0.63
146,전주,12/07/2022,-0.69
146,전주,13/07/2022,-0.92
146,전주,14/07/2022,-0.99
146,전주,15/07/2022,-1.06
146,전주,16/07/2022,-1.04
146,전주,17/07/2022,-1.13
146,전주,18/07/2022,-0.56
146,전주,19/07/2022,-0.59
146,전주,20/07/2022,-0.61
146,전주,21/07/2022,-0.58
146,전주,22/07/2022,-0.6
146,전주,23/07/2022,-0.63
146,전주,24/07/2022,-0.62
146,전주,25/07/2022,-0.77
146,전주,26/07/2022,-0.98
146,전주,27/07/2022,-0.97
146,전주,28/07/2022,-0.97
146,전주,29/07/2022,-1.05
146,전주,30/07/2022,-1.05
146,전주,31/07/2022,-0.94
146,전주,01/08/2022,-0.93
146,전주,02/08/2022,-0.97
146,전주,03/08/2022,-0.94
146,전주,04/08/2022,-0.98
146,전주,05/08/2022,-1
146,전주,06/08/2022,-1.04
146,전주,07/08/2022,-1.05
146,전주,08/08/2022,-1.07
146,전주,09/08/2022,-1.07
146,전주,10/08/2022,-0.98
146,전주,11/08/2022,-0.44
146,전주,12/08/2022,-0.43
146,전주,13/08/2022,-0.42
146,전주,14/08/2022,-0.43
146,전주,15/08/2022,-0.45
146,전주,16/08/2022,0.08
146,전주,17/08/2022,0.06
146,전주,18/08/2022,0.03
146,전주,19/08/2022,0.01
146,전주,20/08/2022,0.12
146,전주,21/08/2022,0.08
146,전주,22/08/2022,0.06
146,전주,23/08/2022,0.06
146,전주,24/08/2022,0.04
146,전주,25/08/2022,0
146,전주,29/08/2022,-0.12
146,전주,30/08/2022,-0.13
146,전주,31/08/2022,-0.14
146,전주,01/09/2022,-0.14
146,전주,02/09/2022,-0.18
146,전주,03/09/2022,-0.19
146,전주,04/09/2022,-0.2
146,전주,05/09/2022,-0.14
146,전주,07/09/2022,-0.19
146,전주,08/09/2022,-0.18
146,전주,09/09/2022,-0.19
146,전주,10/09/2022,-0.17
146,전주,11/09/2022,-0.17
146,전주,12/09/2022,-0.18
146,전주,13/09/2022,-0.18
146,전주,14/09/2022,-0.22
146,전주,15/09/2022,-0.25
146,전주,16/09/2022,-0.26
146,전주,17/09/2022,-0.25
146,전주,18/09/2022,-0.23
146,전주,19/09/2022,-0.22
146,전주,20/09/2022,-0.2
146,전주,21/09/2022,-0.21
146,전주,22/09/2022,-0.2
146,전주,23/09/2022,-0.35
146,전주,24/09/2022,-0.58
146,전주,25/09/2022,-0.52
146,전주,26/09/2022,-0.49
146,전주,27/09/2022,-0.46
146,전주,28/09/2022,-0.44
146,전주,29/09/2022,-0.43
146,전주,30/09/2022,-0.43
146,전주,01/10/2022,-0.41
146,전주,02/10/2022,-0.38
146,전주,03/10/2022,-0.36
146,전주,04/10/2022,-0.32
146,전주,05/10/2022,-0.29
146,전주,06/10/2022,-0.26
146,전주,07/10/2022,-0.23
146,전주,08/10/2022,-0.24
146,전주,09/10/2022,-0.16
146,전주,10/10/2022,-0.15
146,전주,11/10/2022,-0.13
146,전주,12/10/2022,-0.07
146,전주,13/10/2022,-0.05
146,전주,14/10/2022,0
146,전주,15/10/2022,0.04
146,전주,16/10/2022,0.07
146,전주,17/10/2022,0.14
146,전주,18/10/2022,-0.24
146,전주,19/10/2022,-0.22
146,전주,20/10/2022,-0.21
146,전주,21/10/2022,-0.22
146,전주,22/10/2022,-0.19
146,전주,23/10/2022,-0.15
146,전주,24/10/2022,-0.14
146,전주,25/10/2022,-0.09
146,전주,26/10/2022,-0.04
146,전주,27/10/2022,-0.04
146,전주,28/10/2022,-0.02
146,전주,29/10/2022,0
146,전주,30/10/2022,0.03
146,전주,31/10/2022,-0.06
146,전주,01/11/2022,-0.05
146,전주,02/11/2022,-0.01
146,전주,03/11/2022,0.03
146,전주,04/11/2022,0.11
146,전주,05/11/2022,0.13
146,전주,06/11/2022,0.16
146,전주,07/11/2022,0.21
146,전주,08/11/2022,0.24
146,전주,09/11/2022,0.27
146,전주,10/11/2022,0.2
146,전주,11/11/2022,-0.34
146,전주,12/11/2022,-0.36
146,전주,14/11/2022,-0.24
146,전주,15/11/2022,-0.2
146,전주,16/11/2022,-1.1
146,전주,17/11/2022,-1.08
146,전주,18/11/2022,-1.03
146,전주,19/11/2022,-1.01
146,전주,20/11/2022,-1.24
146,전주,21/11/2022,-1.18
146,전주,22/11/2022,-1.12
146,전주,23/11/2022,-1.16
146,전주,24/11/2022,-1.16
146,전주,25/11/2022,-1.11
146,전주,26/11/2022,-1.11
146,전주,27/11/2022,-1.07
146,전주,28/11/2022,-0.6
146,전주,29/11/2022,-0.31
146,전주,30/11/2022,-0.32
146,전주,01/12/2022,-0.27
146,전주,02/12/2022,-0.16
146,전주,03/12/2022,-0.12
146,전주,04/12/2022,-0.15
146,전주,05/12/2022,-0.51
146,전주,06/12/2022,-0.9
146,전주,07/12/2022,-0.87
146,전주,08/12/2022,-0.88
146,전주,09/12/2022,-0.83
146,전주,10/12/2022,-0.81
146,전주,11/12/2022,-0.75
146,전주,12/12/2022,-0.68
146,전주,13/12/2022,-0.63
146,전주,14/12/2022,-0.57
146,전주,15/12/2022,-0.5
146,전주,16/12/2022,-0.46
146,전주,17/12/2022,-0.33
146,전주,18/12/2022,-0.3
146,전주,19/12/2022,-0.29
146,전주,20/12/2022,-0.25
146,전주,21/12/2022,-0.03
146,전주,22/12/2022,0.09
146,전주,23/12/2022,0.18
146,전주,24/12/2022,0.24
146,전주,25/12/2022,0.24
146,전주,26/12/2022,0.25
146,전주,27/12/2022,0.28
146,전주,28/12/2022,0.29
146,전주,29/12/2022,0.35
146,전주,30/12/2022,0.41
146,전주,31/12/2022,0.4
146,전주,01/01/2023,0
146,전주,02/01/2023,0.5
146,전주,03/01/2023,0.34
146,전주,04/01/2023,-0.07
146,전주,05/01/2023,-0.03
146,전주,06/01/2023,0.04
146,전주,07/01/2023,0.01
146,전주,08/01/2023,0.04
146,전주,09/01/2023,-0.15
146,전주,10/01/2023,-0.28
146,전주,11/01/2023,-0.24
146,전주,12/01/2023,-0.18
146,전주,13/01/2023,0.28
146,전주,14/01/2023,0.3
146,전주,15/01/2023,0.33
146,전주,16/01/2023,0.33
146,전주,17/01/2023,0.32
146,전주,18/01/2023,0.32
146,전주,19/01/2023,0.33
146,전주,20/01/2023,0.32
146,전주,21/01/2023,0.32
146,전주,22/01/2023,0.35
146,전주,23/01/2023,0.34
146,전주,24/01/2023,0.36
146,전주,25/01/2023,0.38
146,전주,26/01/2023,0.39
146,전주,27/01/2023,0.44
146,전주,28/01/2023,0.47
146,전주,29/01/2023,0.51
146,전주,30/01/2023,0.52
146,전주,31/01/2023,0.56
146,전주,01/02/2023,0.58
146,전주,02/02/2023,0.58
146,전주,03/02/2023,0.58
146,전주,04/02/2023,0.58
146,전주,05/02/2023,0.62
146,전주,06/02/2023,0.69
146,전주,07/02/2023,0.73
146,전주,08/02/2023,0.76
146,전주,09/02/2023,0.79
146,전주,10/02/2023,0.87
146,전주,11/02/2023,0.86
146,전주,12/02/2023,0.8
146,전주,13/02/2023,0.64
146,전주,14/02/2023,0.64
146,전주,15/02/2023,0.63
146,전주,16/02/2023,0.58
146,전주,17/02/2023,0.58
146,전주,18/02/2023,0.63
146,전주,19/02/2023,0.7
146,전주,20/02/2023,0.7
146,전주,21/02/2023,0.71
146,전주,22/02/2023,0.66
146,전주,23/02/2023,0.64
146,전주,24/02/2023,0.67
146,전주,25/02/2023,0.6
146,전주,26/02/2023,0.61
146,전주,27/02/2023,0.61
146,전주,28/02/2023,-0.53
146,전주,01/03/2023,-0.58
146,전주,02/03/2023,-0.56
146,전주,03/03/2023,-0.54
146,전주,04/03/2023,-0.52
146,전주,05/03/2023,-0.59
146,전주,06/03/2023,-0.61
146,전주,07/03/2023,-0.62
146,전주,08/03/2023,-0.61
146,전주,09/03/2023,-0.63
146,전주,10/03/2023,-0.63
146,전주,11/03/2023,-0.64
146,전주,12/03/2023,-0.43
146,전주,13/03/2023,-0.57
146,전주,14/03/2023,-0.61
146,전주,15/03/2023,-0.74
146,전주,16/03/2023,-0.76
146,전주,17/03/2023,-0.92
146,전주,18/03/2023,-0.96
146,전주,19/03/2023,-1.02
146,전주,20/03/2023,-1.05
146,전주,21/03/2023,-1.36
146,전주,22/03/2023,-1.5
146,전주,23/03/2023,-1.28
146,전주,24/03/2023,-1.28
146,전주,25/03/2023,-1.35
146,전주,26/03/2023,-1.4
146,전주,27/03/2023,-1.37
146,전주,28/03/2023,-1.37
146,전주,29/03/2023,-1.4
146,전주,30/03/2023,-1.43
146,전주,31/03/2023,-1.42
146,전주,01/04/2023,-1.45
146,전주,02/04/2023,-1.47
146,전주,03/04/2023,-1.46
146,전주,04/04/2023,-1.19
146,전주,05/04/2023,-0.85
146,전주,06/04/2023,-0.81
146,전주,07/04/2023,-0.78
146,전주,08/04/2023,-0.79
146,전주,09/04/2023,-0.9
146,전주,10/04/2023,-0.96
146,전주,11/04/2023,-0.99
146,전주,12/04/2023,-1.04
146,전주,13/04/2023,-1.65
146,전주,14/04/2023,-1.68
146,전주,15/04/2023,-1.65
146,전주,16/04/2023,-1.61
146,전주,17/04/2023,-1.6
146,전주,18/04/2023,-1.74
146,전주,19/04/2023,-1.91
146,전주,20/04/2023,-1.93
146,전주,21/04/2023,-1.97
146,전주,22/04/2023,-2
146,전주,23/04/2023,-2.01
146,전주,24/04/2023,-1.99
146,전주,25/04/2023,-1.93
146,전주,26/04/2023,-2.02
146,전주,27/04/2023,-2.04
146,전주,28/04/2023,-2.04
146,전주,29/04/2023,-1.88
146,전주,30/04/2023,-1.9
146,전주,01/05/2023,-1.94
146,전주,02/05/2023,-1.94
146,전주,03/05/2023,-2.01
146,전주,04/05/2023,-1.98
146,전주,05/05/2023,-0.59
146,전주,06/05/2023,-0.37
146,전주,07/05/2023,-0.39
146,전주,08/05/2023,-0.4
146,전주,09/05/2023,-0.43
146,전주,11/05/2023,-0.62
146,전주,12/05/2023,-0.65
146,전주,13/05/2023,-0.7
146,전주,14/05/2023,-0.76
146,전주,15/05/2023,-0.76
146,전주,16/05/2023,-0.75
146,전주,17/05/2023,-0.78
146,전주,18/05/2023,-0.85
146,전주,19/05/2023,-0.93
146,전주,20/05/2023,-0.92
146,전주,21/05/2023,-0.93
146,전주,22/05/2023,-0.92
146,전주,23/05/2023,-0.9
146,전주,24/05/2023,-0.89
146,전주,25/05/2023,-0.85
146,전주,26/05/2023,-0.9
146,전주,27/05/2023,-0.88
146,전주,28/05/2023,-0.46
146,전주,29/05/2023,1.16
146,전주,30/05/2023,1.11
146,전주,31/05/2023,1.1
146,전주,01/06/2023,1.06
146,전주,02/06/2023,1.04
146,전주,03/06/2023,0.99
146,전주,04/06/2023,0.98
146,전주,05/06/2023,0.99
146,전주,06/06/2023,1
146,전주,07/06/2023,0.95
146,전주,08/06/2023,0.93
146,전주,09/06/2023,0.95
146,전주,10/06/2023,0.91
146,전주,11/06/2023,0.87
146,전주,12/06/2023,0.74
146,전주,13/06/2023,0.75
146,전주,14/06/2023,0.72
146,전주,15/06/2023,0.75
146,전주,16/06/2023,0.74
146,전주,17/06/2023,0.64
146,전주,18/06/2023,0.62
146,전주,19/06/2023,0.56
146,전주,20/06/2023,0.46
146,전주,21/06/2023,0.46
146,전주,22/06/2023,0.39
146,전주,23/06/2023,0.17
146,전주,24/06/2023,0.08
146,전주,25/06/2023,0.01
146,전주,26/06/2023,0.26
146,전주,27/06/2023,0.21
146,전주,28/06/2023,0.68
146,전주,29/06/2023,1.05
146,전주,30/06/2023,1.19
146,전주,01/07/2023,1.08
146,전주,02/07/2023,1
146,전주,03/07/2023,0.89
146,전주,04/07/2023,1.04
146,전주,05/07/2023,1.12
146,전주,06/07/2023,0.99
146,전주,07/07/2023,1.12
146,전주,08/07/2023,1.16
146,전주,09/07/2023,1.09
146,전주,10/07/2023,1
146,전주,11/07/2023,0.92
146,전주,12/07/2023,0.83
146,전주,13/07/2023,0.86
146,전주,14/07/2023,1.92
146,전주,15/07/2023,2.03
146,전주,16/07/2023,1.98
146,전주,17/07/2023,2.05
146,전주,18/07/2023,2.24
146,전주,19/07/2023,2.24
146,전주,20/07/2023,2.26
146,전주,21/07/2023,2.25
146,전주,22/07/2023,2.2
146,전주,23/07/2023,2.28
146,전주,24/07/2023,2.41
146,전주,25/07/2023,2.51
146,전주,26/07/2023,2.55
146,전주,27/07/2023,2.51
146,전주,28/07/2023,2.47
146,전주,29/07/2023,2.42
146,전주,30/07/2023,2.46
146,전주,31/07/2023,2.43
146,전주,01/08/2023,2.38
146,전주,02/08/2023,2.39
146,전주,03/08/2023,2.28
146,전주,04/08/2023,2.2
146,전주,05/08/2023,2.01
146,전주,06/08/2023,2.03
146,전주,07/08/2023,1.98
146,전주,08/08/2023,1.97
146,전주,09/08/2023,1.96
146,전주,10/08/2023,2.33
146,전주,11/08/2023,2.34
146,전주,12/08/2023,2.36
146,전주,13/08/2023,2.33
146,전주,14/08/2023,2.32
146,전주,15/08/2023,2.29
146,전주,16/08/2023,2.24
146,전주,17/08/2023,2.23
146,전주,18/08/2023,2.19
146,전주,19/08/2023,2.15
146,전주,20/08/2023,2.12
146,전주,21/08/2023,2.1
146,전주,22/08/2023,2.08
146,전주,23/08/2023,2.11
146,전주,24/08/2023,2.13
146,전주,25/08/2023,2.1
146,전주,26/08/2023,2.09
146,전주,27/08/2023,2.07
146,전주,28/08/2023,1.99
146,전주,29/08/2023,1.62
146,전주,30/08/2023,1.68
146,전주,31/08/2023,1.66
146,전주,01/09/2023,1.64
146,전주,02/09/2023,1.63
146,전주,03/09/2023,1.76
146,전주,04/09/2023,1.75
146,전주,05/09/2023,1.74
146,전주,06/09/2023,1.72
146,전주,07/09/2023,1.72
146,전주,08/09/2023,1.72
146,전주,09/09/2023,1.73
146,전주,10/09/2023,1.79
146,전주,11/09/2023,1.79
146,전주,12/09/2023,1.78
146,전주,13/09/2023,1.82
146,전주,14/09/2023,1.85
146,전주,15/09/2023,1.84
146,전주,16/09/2023,1.8
146,전주,17/09/2023,1.94
146,전주,18/09/2023,1.92
146,전주,19/09/2023,1.94
146,전주,20/09/2023,2.02
146,전주,21/09/2023,2.03
146,전주,22/09/2023,2.05
146,전주,23/09/2023,2.07
146,전주,24/09/2023,2.05
146,전주,25/09/2023,2.08
146,전주,26/09/2023,2.03
146,전주,27/09/2023,2.04
146,전주,28/09/2023,1.92
146,전주,29/09/2023,1.8
146,전주,30/09/2023,1.76
146,전주,01/10/2023,1.84
146,전주,02/10/2023,1.84
146,전주,03/10/2023,1.91
146,전주,04/10/2023,1.79
146,전주,05/10/2023,1.75
146,전주,06/10/2023,1.81
146,전주,07/10/2023,1.78
146,전주,08/10/2023,1.78
146,전주,09/10/2023,1.85
146,전주,10/10/2023,1.92
146,전주,11/10/2023,2.01
146,전주,12/10/2023,2.08
146,전주,13/10/2023,2.1
146,전주,14/10/2023,1.2
146,전주,15/10/2023,1.06
146,전주,16/10/2023,1.06
146,전주,17/10/2023,1.02
146,전주,18/10/2023,0.82
146,전주,19/10/2023,0.91
146,전주,20/10/2023,0.95
146,전주,21/10/2023,0.95
146,전주,22/10/2023,0.98
146,전주,24/10/2023,0.65
146,전주,25/10/2023,0.51
146,전주,26/10/2023,0.38
146,전주,27/10/2023,0.39
146,전주,28/10/2023,0.41
146,전주,29/10/2023,0.42
146,전주,30/10/2023,0.3
146,전주,31/10/2023,0.31
146,전주,01/11/2023,0.34
146,전주,02/11/2023,0.38
146,전주,03/11/2023,0.45
146,전주,04/11/2023,0
146,전주,05/11/2023,0.62
146,전주,06/11/2023,0.67
146,전주,07/11/2023,0.74
146,전주,08/11/2023,0.71
146,전주,09/11/2023,0.78
146,전주,10/11/2023,0.01
146,전주,11/11/2023,0.04
146,전주,12/11/2023,0.04
146,전주,13/11/2023,0.09
146,전주,14/11/2023,0.13
146,전주,15/11/2023,0.17
146,전주,16/11/2023,0.32
146,전주,17/11/2023,0.41
146,전주,18/11/2023,0.44
146,전주,19/11/2023,0.48
146,전주,20/11/2023,0.54
146,전주,21/11/2023,0.61
146,전주,22/11/2023,0.63
146,전주,23/11/2023,0.57
146,전주,24/11/2023,0.54
146,전주,25/11/2023,0.62
146,전주,26/11/2023,0.71
146,전주,27/11/2023,0.78
146,전주,28/11/2023,0.84
146,전주,29/11/2023,0.9
146,전주,30/11/2023,0.82
146,전주,01/12/2023,0.88
146,전주,02/12/2023,0.97
146,전주,03/12/2023,0.53
146,전주,04/12/2023,0.53
146,전주,05/12/2023,0.6
146,전주,06/12/2023,0.68
146,전주,07/12/2023,0.74
146,전주,08/12/2023,0.78
146,전주,09/12/2023,0.84
146,전주,10/12/2023,0.84
146,전주,11/12/2023,1.21
146,전주,12/12/2023,1.28
146,전주,13/12/2023,1.15
146,전주,14/12/2023,1.23
146,전주,15/12/2023,1.56
146,전주,16/12/2023,1.43
146,전주,17/12/2023,1.55
146,전주,18/12/2023,1.6
146,전주,19/12/2023,1.68
146,전주,20/12/2023,1.45
146,전주,21/12/2023,1.51
146,전주,22/12/2023,1.52
146,전주,23/12/2023,1.58
146,전주,24/12/2023,1.68
146,전주,25/12/2023,1.66
146,전주,26/12/2023,1.6
146,전주,27/12/2023,1.55
146,전주,28/12/2023,1.56
146,전주,29/12/2023,1.66
146,전주,30/12/2023,1.7
146,전주,31/12/2023,1.72
146,전주,01/01/2024,1.77
146,전주,02/01/2024,1.78
146,전주,03/01/2024,1.82
146,전주,04/01/2024,1.82
146,전주,05/01/2024,1.91
146,전주,06/01/2024,1.97
146,전주,07/01/2024,1.96
146,전주,08/01/2024,1.96
146,전주,09/01/2024,2.03
146,전주,10/01/2024,2.16
146,전주,11/01/2024,2.23
146,전주,12/01/2024,2.25
146,전주,13/01/2024,2.24
146,전주,14/01/2024,2.21
146,전주,15/01/2024,2.23
146,전주,16/01/2024,2.2
146,전주,17/01/2024,2.25
146,전주,18/01/2024,2.42
146,전주,19/01/2024,2.36
146,전주,20/01/2024,2.49
146,전주,21/01/2024,2.5
146,전주,22/01/2024,2.55
146,전주,23/01/2024,2.52
146,전주,24/01/2024,2.53
146,전주,25/01/2024,2.55
146,전주,26/01/2024,2.53
146,전주,27/01/2024,2.63
146,전주,28/01/2024,2.61
146,전주,29/01/2024,2.7
146,전주,30/01/2024,2.71
146,전주,31/01/2024,2.73
146,전주,01/02/2024,2.73
146,전주,02/02/2024,2.7
146,전주,03/02/2024,2.74
146,전주,04/02/2024,2.71
146,전주,05/02/2024,2.7
146,전주,06/02/2024,2.73
146,전주,07/02/2024,2.8
146,전주,08/02/2024,2.78
146,전주,09/02/2024,2.52
146,전주,10/02/2024,2.47
146,전주,11/02/2024,2.43
146,전주,12/02/2024,2.5
146,전주,13/02/2024,2.59
146,전주,14/02/2024,2.61
146,전주,15/02/2024,2.59
146,전주,16/02/2024,2.3
146,전주,17/02/2024,2.17
146,전주,18/02/2024,2.38
146,전주,19/02/2024,2.76
146,전주,20/02/2024,2.81
146,전주,21/02/2024,2.96
146,전주,22/02/2024,2.97
146,전주,23/02/2024,2.89
146,전주,24/02/2024,2.96
146,전주,25/02/2024,2.82
146,전주,26/02/2024,2.87
146,전주,27/02/2024,2.76
146,전주,28/02/2024,2.74
146,전주,02/03/2024,2.69
146,전주,03/03/2024,2.66
146,전주,04/03/2024,2.69
146,전주,05/03/2024,2.73
146,전주,06/03/2024,2.66
146,전주,07/03/2024,2.65
146,전주,08/03/2024,2.65
146,전주,09/03/2024,2.61
146,전주,10/03/2024,2.61
146,전주,11/03/2024,2.33
146,전주,12/03/2024,2.34
146,전주,13/03/2024,2.47
146,전주,14/03/2024,2.31
146,전주,15/03/2024,1.53
146,전주,16/03/2024,1.46
146,전주,17/03/2024,1.45
146,전주,18/03/2024,1.43
146,전주,19/03/2024,1.44
146,전주,20/03/2024,1.42
146,전주,21/03/2024,1.4
146,전주,22/03/2024,1.37
146,전주,23/03/2024,1.39
146,전주,24/03/2024,1.29
146,전주,25/03/2024,1.51
146,전주,26/03/2024,1.91
146,전주,27/03/2024,1.86
146,전주,28/03/2024,2.21
146,전주,29/03/2024,2.19
146,전주,30/03/2024,2.19
146,전주,31/03/2024,2.14
146,전주,01/04/2024,2.12
146,전주,02/04/2024,2.14
146,전주,03/04/2024,2.37
146,전주,04/04/2024,2.46
146,전주,05/04/2024,2.44
146,전주,06/04/2024,2.39
146,전주,07/04/2024,2.37
146,전주,08/04/2024,2.35
146,전주,09/04/2024,2.34
146,전주,10/04/2024,2.35
146,전주,11/04/2024,2.38
146,전주,12/04/2024,2.33
146,전주,13/04/2024,2.18
146,전주,14/04/2024,2.08
146,전주,15/04/2024,2.14
146,전주,16/04/2024,2.03
146,전주,17/04/2024,1.87
146,전주,18/04/2024,1.68
146,전주,20/04/2024,1.49
146,전주,21/04/2024,1.54
146,전주,22/04/2024,1.51
146,전주,23/04/2024,1.48
146,전주,24/04/2024,1.48
146,전주,25/04/2024,1.43
146,전주,26/04/2024,1.39
146,전주,27/04/2024,1.35
146,전주,28/04/2024,1.28
146,전주,29/04/2024,1.21
146,전주,30/04/2024,1.18
146,전주,01/05/2024,1.34
146,전주,02/05/2024,1.28
146,전주,03/05/2024,1.2
146,전주,04/05/2024,1.16
146,전주,05/05/2024,1.46
146,전주,06/05/2024,1.44
146,전주,07/05/2024,1.45
146,전주,08/05/2024,1.47
146,전주,09/05/2024,1.46
146,전주,10/05/2024,1.46
146,전주,11/05/2024,1.61
146,전주,12/05/2024,1.62
146,전주,13/05/2024,1.5
146,전주,14/05/2024,1.47
146,전주,15/05/2024,1.54
146,전주,16/05/2024,1.53
146,전주,17/05/2024,1.53
146,전주,18/05/2024,1.34
146,전주,19/05/2024,0.88
146,전주,20/05/2024,0.78
146,전주,21/05/2024,0.58
146,전주,22/05/2024,0.53
146,전주,23/05/2024,0.52
146,전주,24/05/2024,0.43
146,전주,25/05/2024,0.42
146,전주,26/05/2024,0.47
146,전주,27/05/2024,0.48
146,전주,28/05/2024,0.46
146,전주,29/05/2024,0.39
146,전주,30/05/2024,0.35
146,전주,31/05/2024,0.34
146,전주,01/06/2024,0.3
146,전주,02/06/2024,0.28
146,전주,03/06/2024,0.37
146,전주,04/06/2024,0.37
146,전주,05/06/2024,0.33
146,전주,06/06/2024,0.33
146,전주,07/06/2024,0.29
146,전주,08/06/2024,0.25
146,전주,09/06/2024,0.24
146,전주,10/06/2024,0.14
146,전주,11/06/2024,0.1
146,전주,12/06/2024,0.1
146,전주,13/06/2024,0.1
146,전주,14/06/2024,0.12
146,전주,15/06/2024,0.14
146,전주,16/06/2024,0.14
146,전주,17/06/2024,0.06
146,전주,18/06/2024,0
146,전주,19/06/2024,-0.06
146,전주,20/06/2024,-0.13
146,전주,21/06/2024,-0.16
146,전주,22/06/2024,-0.03
146,전주,23/06/2024,-0.06
146,전주,24/06/2024,-0.14
146,전주,25/06/2024,-0.38
146,전주,26/06/2024,-0.77
146,전주,27/06/2024,-0.83
146,전주,28/06/2024,-1.22
146,전주,29/06/2024,-0.87
146,전주,30/06/2024,-0.51
146,전주,01/07/2024,-0.6
146,전주,02/07/2024,-0.55
146,전주,03/07/2024,-0.64
146,전주,04/07/2024,-0.75
146,전주,05/07/2024,-0.76
146,전주,06/07/2024,-0.79
146,전주,07/07/2024,-0.72
146,전주,08/07/2024,-0.47
146,전주,09/07/2024,0.14
146,전주,10/07/2024,0.55
146,전주,11/07/2024,0.44
146,전주,12/07/2024,0.37
146,전주,13/07/2024,0.32
146,전주,14/07/2024,0.25
146,전주,15/07/2024,0.16
146,전주,16/07/2024,0.2
146,전주,17/07/2024,0.14
146,전주,18/07/2024,0.3
146,전주,19/07/2024,0.28
146,전주,20/07/2024,0.44
146,전주,21/07/2024,0.46
146,전주,22/07/2024,0.43
146,전주,23/07/2024,0.37
146,전주,24/07/2024,0.54
146,전주,25/07/2024,0.5
146,전주,26/07/2024,0.47
146,전주,27/07/2024,0.46
146,전주,28/07/2024,0.52
146,전주,29/07/2024,0.51
146,전주,30/07/2024,0.48
146,전주,31/07/2024,0.46
146,전주,01/08/2024,0.37
146,전주,02/08/2024,0.35
146,전주,03/08/2024,0.31
146,전주,04/08/2024,0.26
146,전주,05/08/2024,0.17
146,전주,06/08/2024,0.12
146,전주,07/08/2024,0.04
146,전주,08/08/2024,0.01
146,전주,09/08/2024,0
146,전주,10/08/2024,-0.03
146,전주,11/08/2024,-0.12
146,전주,12/08/2024,-0.16
146,전주,13/08/2024,-0.18
146,전주,14/08/2024,-0.19
146,전주,15/08/2024,-0.13
146,전주,16/08/2024,-0.08
146,전주,17/08/2024,0.03
146,전주,18/08/2024,0.02
146,전주,19/08/2024,0.01
146,전주,20/08/2024,-0.01
146,전주,21/08/2024,0.02
146,전주,22/08/2024,0.01
146,전주,23/08/2024,-0.02
146,전주,24/08/2024,-0.05
146,전주,25/08/2024,-0.09
146,전주,26/08/2024,-0.15
146,전주,27/08/2024,-0.18
146,전주,28/08/2024,-0.2
146,전주,29/08/2024,-0.22
146,전주,30/08/2024,-0.26
146,전주,31/08/2024,-0.3
146,전주,01/09/2024,-0.3
146,전주,02/09/2024,-0.34
146,전주,03/09/2024,-0.39
146,전주,04/09/2024,-0.39
146,전주,05/09/2024,-0.41
146,전주,06/09/2024,-0.41
146,전주,07/09/2024,-0.42
146,전주,08/09/2024,-0.43
146,전주,09/09/2024,-0.45
146,전주,10/09/2024,-0.43
146,전주,11/09/2024,-0.37
146,전주,12/09/2024,-0.35
146,전주,13/09/2024,-0.36
146,전주,14/09/2024,-0.36
146,전주,15/09/2024,-0.37
146,전주,16/09/2024,-0.38
146,전주,17/09/2024,-0.37
146,전주,18/09/2024,-0.27
146,전주,19/09/2024,-0.26
146,전주,20/09/2024,-0.12
146,전주,21/09/2024,0.3
146,전주,22/09/2024,0.27
146,전주,23/09/2024,0.28
146,전주,24/09/2024,0.3
146,전주,25/09/2024,0.35
146,전주,26/09/2024,0.36
146,전주,27/09/2024,0.39
146,전주,28/09/2024,0.42
146,전주,29/09/2024,0.3
146,전주,30/09/2024,0.17
146,전주,01/10/2024,0.21
146,전주,02/10/2024,0.19
146,전주,03/10/2024,0.16
146,전주,04/10/2024,0.21
146,전주,05/10/2024,0.22
146,전주,06/10/2024,0.25
146,전주,07/10/2024,0.26
146,전주,08/10/2024,0.13
146,전주,09/10/2024,-0.22
146,전주,10/10/2024,-0.58
146,전주,11/10/2024,-0.53
146,전주,12/10/2024,-0.48
146,전주,13/10/2024,-0.44
146,전주,14/10/2024,-0.32
146,전주,15/10/2024,-0.3
146,전주,16/10/2024,-0.28
146,전주,17/10/2024,-0.2
146,전주,18/10/2024,-0.31
146,전주,19/10/2024,-0.23
146,전주,20/10/2024,-0.42
146,전주,21/10/2024,-0.4
146,전주,22/10/2024,-0.21
146,전주,23/10/2024,-0.14
146,전주,24/10/2024,-0.37
146,전주,25/10/2024,-0.32
146,전주,26/10/2024,-0.28
146,전주,27/10/2024,-0.36
146,전주,28/10/2024,-0.34
146,전주,29/10/2024,-0.32
146,전주,30/10/2024,-0.28
146,전주,31/10/2024,-0.27
146,전주,01/11/2024,-0.22
146,전주,02/11/2024,-0.17
146,전주,03/11/2024,-0.11
146,전주,04/11/2024,-0.02
146,전주,05/11/2024,-0.15
146,전주,06/11/2024,-0.11
146,전주,07/11/2024,-0.06
146,전주,08/11/2024,-0.04
146,전주,09/11/2024,-0.01
146,전주,10/11/2024,0.04
146,전주,11/11/2024,0.08
146,전주,12/11/2024,0.09
146,전주,13/11/2024,0.15
146,전주,14/11/2024,0.18
146,전주,15/11/2024,0.04
146,전주,16/11/2024,0
146,전주,17/11/2024,-0.2
146,전주,18/11/2024,-0.17
146,전주,19/11/2024,-0.14
146,전주,20/11/2024,-0.07
146,전주,21/11/2024,-0.14
146,전주,22/11/2024,-0.11
146,전주,23/11/2024,-0.07
146,전주,24/11/2024,-0.01
146,전주,25/11/2024,0.34
146,전주,26/11/2024,0.24
146,전주,27/11/2024,0.34
146,전주,28/11/2024,0.41
146,전주,29/11/2024,0.51
146,전주,30/11/2024,0.69
146,전주,01/12/2024,0.75
146,전주,02/12/2024,0.85
146,전주,03/12/2024,0.9
146,전주,04/12/2024,0.92
146,전주,05/12/2024,1
146,전주,06/12/2024,1.02
146,전주,07/12/2024,1.07
146,전주,08/12/2024,1.12
146,전주,09/12/2024,1.18
146,전주,10/12/2024,1.18
146,전주,11/12/2024,1.07
146,전주,12/12/2024,1.04
146,전주,13/12/2024,1.08
146,전주,14/12/2024,1.14
146,전주,15/12/2024,1.17
146,전주,16/12/2024,1.27
146,전주,17/12/2024,1.38
146,전주,18/12/2024,1.24
146,전주,19/12/2024,1.3
146,전주,20/12/2024,1.06
146,전주,21/12/2024,-0.44
146,전주,22/12/2024,-0.41
146,전주,23/12/2024,-0.39
146,전주,24/12/2024,-0.34
146,전주,25/12/2024,-0.34
146,전주,26/12/2024,-0.31
146,전주,27/12/2024,-0.24
146,전주,28/12/2024,-0.22
146,전주,29/12/2024,-0.18
146,전주,30/12/2024,-0.14
146,전주,31/12/2024,-0.16
243,부안,01/01/2022,0.47
243,부안,02/01/2022,0.51
243,부안,03/01/2022,0.53
243,부안,04/01/2022,0.53
243,부안,05/01/2022,0.61
243,부안,06/01/2022,0.64
243,부안,07/01/2022,0.62
243,부안,08/01/2022,0.6
243,부안,09/01/2022,0.58
243,부안,10/01/2022,0.44
243,부안,11/01/2022,0.31
243,부안,12/01/2022,0.23
243,부안,13/01/2022,0.23
243,부안,14/01/2022,0.23
243,부안,15/01/2022,0.07
243,부안,16/01/2022,0.01
243,부안,17/01/2022,0
243,부안,18/01/2022,0
243,부안,19/01/2022,-0.12
243,부안,20/01/2022,-0.14
243,부안,21/01/2022,-0.16
243,부안,22/01/2022,-0.15
243,부안,23/01/2022,-0.15
243,부안,24/01/2022,-0.13
243,부안,25/01/2022,-0.09
243,부안,26/01/2022,-0.08
243,부안,27/01/2022,-0.03
243,부안,28/01/2022,0
243,부안,29/01/2022,0.01
243,부안,30/01/2022,0.03
243,부안,31/01/2022,0.1
243,부안,01/02/2022,0.13
243,부안,02/02/2022,0.14
243,부안,03/02/2022,0.13
243,부안,04/02/2022,0.17
243,부안,05/02/2022,0.24
243,부안,06/02/2022,0.3
243,부안,08/02/2022,-0.19
243,부안,09/02/2022,-0.25
243,부안,10/02/2022,-0.71
243,부안,11/02/2022,-0.8
243,부안,12/02/2022,-0.85
243,부안,13/02/2022,-0.85
243,부안,14/02/2022,-0.86
243,부안,15/02/2022,-0.84
243,부안,16/02/2022,-0.74
243,부안,17/02/2022,-0.72
243,부안,18/02/2022,-0.7
243,부안,19/02/2022,-0.7
243,부안,20/02/2022,-0.68
243,부안,21/02/2022,-0.7
243,부안,22/02/2022,-1.1
243,부안,23/02/2022,-1.42
243,부안,24/02/2022,-1.47
243,부안,25/02/2022,-1.45
243,부안,26/02/2022,-1.45
243,부안,27/02/2022,-1.3
243,부안,28/02/2022,-2.02
243,부안,01/03/2022,-2.07
243,부안,02/03/2022,-2.03
243,부안,03/03/2022,-2.07
243,부안,04/03/2022,-2.03
243,부안,05/03/2022,-2.1
243,부안,06/03/2022,-2.08
243,부안,07/03/2022,-2.09
243,부안,08/03/2022,-2.1
243,부안,09/03/2022,-2.06
243,부안,10/03/2022,-2.12
243,부안,11/03/2022,-2.2
243,부안,12/03/2022,-2.37
243,부안,13/03/2022,-2.03
243,부안,14/03/2022,-2.01
243,부안,15/03/2022,-2.1
243,부안,16/03/2022,-2.15
243,부안,17/03/2022,-2.17
243,부안,18/03/2022,-2.26
243,부안,19/03/2022,-1.95
243,부안,20/03/2022,-1.99
243,부안,21/03/2022,-1.98
243,부안,22/03/2022,-2.02
243,부안,23/03/2022,-2.08
243,부안,24/03/2022,-2.05
243,부안,25/03/2022,-1.37
243,부안,26/03/2022,-0.75
243,부안,27/03/2022,-0.73
243,부안,28/03/2022,-0.71
243,부안,29/03/2022,-0.73
243,부안,30/03/2022,-0.8
243,부안,31/03/2022,-0.79
243,부안,01/04/2022,-0.79
243,부안,02/04/2022,-0.79
243,부안,03/04/2022,-0.79
243,부안,04/04/2022,-0.8
243,부안,05/04/2022,-0.83
243,부안,06/04/2022,-0.87
243,부안,07/04/2022,-0.81
243,부안,08/04/2022,-0.81
243,부안,09/04/2022,-0.94
243,부안,10/04/2022,-0.98
243,부안,11/04/2022,-1.06
243,부안,12/04/2022,-1.1
243,부안,13/04/2022,-0.73
243,부안,14/04/2022,-0.75
243,부안,15/04/2022,-0.77
243,부안,16/04/2022,-0.77
243,부안,17/04/2022,-0.82
243,부안,18/04/2022,-0.93
243,부안,19/04/2022,-1.06
243,부안,20/04/2022,-1.06
243,부안,21/04/2022,-1.12
243,부안,22/04/2022,-1.16
243,부안,23/04/2022,-1.16
243,부안,24/04/2022,-1.13
243,부안,25/04/2022,-0.71
243,부안,26/04/2022,-0.51
243,부안,27/04/2022,-0.54
243,부안,28/04/2022,-0.58
243,부안,29/04/2022,-0.42
243,부안,30/04/2022,-0.48
243,부안,01/05/2022,-0.52
243,부안,02/05/2022,-0.55
243,부안,03/05/2022,-0.61
243,부안,04/05/2022,-0.66
243,부안,05/05/2022,-0.71
243,부안,06/05/2022,-0.76
243,부안,07/05/2022,-0.81
243,부안,08/05/2022,-0.81
243,부안,09/05/2022,-0.82
243,부안,10/05/2022,-0.89
243,부안,11/05/2022,-0.95
243,부안,12/05/2022,-0.98
243,부안,13/05/2022,-1.04
243,부안,14/05/2022,-1.08
243,부안,15/05/2022,-1.07
243,부안,16/05/2022,-1.12
243,부안,17/05/2022,-1.15
243,부안,18/05/2022,-1.2
243,부안,19/05/2022,-1.2
243,부안,20/05/2022,-1.21
243,부안,21/05/2022,-1.22
243,부안,22/05/2022,-1.22
243,부안,23/05/2022,-1.18
243,부안,24/05/2022,-1.18
243,부안,25/05/2022,-1.15
243,부안,26/05/2022,-1.13
243,부안,27/05/2022,-1.09
243,부안,28/05/2022,-1.07
243,부안,29/05/2022,-1.06
243,부안,30/05/2022,-1.04
243,부안,31/05/2022,-1.05
243,부안,01/06/2022,-1.14
243,부안,02/06/2022,-1.19
243,부안,03/06/2022,-1.16
243,부안,04/06/2022,-1.15
243,부안,05/06/2022,-0.86
243,부안,06/06/2022,-0.88
243,부안,07/06/2022,-0.22
243,부안,08/06/2022,-0.22
243,부안,09/06/2022,-0.27
243,부안,10/06/2022,-0.34
243,부안,11/06/2022,-0.36
243,부안,12/06/2022,-0.35
243,부안,13/06/2022,-0.48
243,부안,14/06/2022,-0.45
243,부안,15/06/2022,-0.39
243,부안,16/06/2022,-0.39
243,부안,17/06/2022,-0.47
243,부안,18/06/2022,-0.49
243,부안,19/06/2022,-0.68
243,부안,20/06/2022,-0.7
243,부안,21/06/2022,-0.7
243,부안,22/06/2022,-0.77
243,부안,23/06/2022,-0.35
243,부안,24/06/2022,0.05
243,부안,25/06/2022,-0.27
243,부안,26/06/2022,-0.53
243,부안,27/06/2022,-0.57
243,부안,28/06/2022,-0.61
243,부안,29/06/2022,-0.61
243,부안,30/06/2022,-0.63
243,부안,01/07/2022,-0.74
243,부안,02/07/2022,-0.76
243,부안,03/07/2022,-0.83
243,부안,04/07/2022,-0.84
243,부안,05/07/2022,-0.91
243,부안,06/07/2022,-0.92
243,부안,07/07/2022,-0.91
243,부안,08/07/2022,-1
243,부안,09/07/2022,-0.99
243,부안,10/07/2022,-0.97
243,부안,11/07/2022,-0.94
243,부안,12/07/2022,-1
243,부안,13/07/2022,-1.13
243,부안,14/07/2022,-1.28
243,부안,15/07/2022,-1.36
243,부안,16/07/2022,-1.35
243,부안,17/07/2022,-1.44
243,부안,18/07/2022,-0.87
243,부안,19/07/2022,-0.92
243,부안,20/07/2022,-0.91
243,부안,21/07/2022,-0.85
243,부안,22/07/2022,-0.85
243,부안,23/07/2022,-0.91
243,부안,24/07/2022,-0.88
243,부안,25/07/2022,-1.1
243,부안,26/07/2022,-1.25
243,부안,27/07/2022,-1.24
243,부안,28/07/2022,-1.24
243,부안,29/07/2022,-1.32
243,부안,30/07/2022,-1.3
243,부안,31/07/2022,-1.2
243,부안,01/08/2022,-1.05
243,부안,02/08/2022,-1.08
243,부안,03/08/2022,-1
243,부안,04/08/2022,-1.02
243,부안,05/08/2022,-1.04
243,부안,06/08/2022,-1.08
243,부안,07/08/2022,-1.08
243,부안,08/08/2022,-1.09
243,부안,09/08/2022,-1.09
243,부안,10/08/2022,-1.08
243,부안,11/08/2022,-0.48
243,부안,12/08/2022,-0.49
243,부안,13/08/2022,-0.42
243,부안,14/08/2022,-0.43
243,부안,15/08/2022,-0.46
243,부안,16/08/2022,0.05
243,부안,17/08/2022,0.02
243,부안,18/08/2022,0
243,부안,19/08/2022,0
243,부안,20/08/2022,0.09
243,부안,21/08/2022,0.06
243,부안,22/08/2022,0.04
243,부안,23/08/2022,0
243,부안,24/08/2022,-0.04
243,부안,25/08/2022,-0.09
243,부안,29/08/2022,-0.24
243,부안,30/08/2022,-0.28
243,부안,31/08/2022,-0.3
243,부안,01/09/2022,-0.28
243,부안,02/09/2022,-0.31
243,부안,03/09/2022,-0.31
243,부안,04/09/2022,-0.3
243,부안,05/09/2022,-0.16
243,부안,07/09/2022,-0.28
243,부안,08/09/2022,-0.3
243,부안,09/09/2022,-0.31
243,부안,10/09/2022,-0.3
243,부안,11/09/2022,-0.3
243,부안,12/09/2022,-0.31
243,부안,13/09/2022,-0.31
243,부안,14/09/2022,-0.34
243,부안,15/09/2022,-0.36
243,부안,16/09/2022,-0.37
243,부안,17/09/2022,-0.39
243,부안,18/09/2022,-0.4
243,부안,19/09/2022,-0.39
243,부안,20/09/2022,-0.38
243,부안,21/09/2022,-0.4
243,부안,22/09/2022,-0.39
243,부안,23/09/2022,-0.53
243,부안,24/09/2022,-0.68
243,부안,25/09/2022,-0.62
243,부안,26/09/2022,-0.6
243,부안,27/09/2022,-0.58
243,부안,28/09/2022,-0.56
243,부안,29/09/2022,-0.58
243,부안,30/09/2022,-0.57
243,부안,01/10/2022,-0.54
243,부안,02/10/2022,-0.52
243,부안,03/10/2022,-0.48
243,부안,04/10/2022,-0.34
243,부안,05/10/2022,-0.32
243,부안,06/10/2022,-0.29
243,부안,07/10/2022,-0.3
243,부안,08/10/2022,-0.28
243,부안,09/10/2022,-0.2
243,부안,10/10/2022,-0.17
243,부안,11/10/2022,-0.15
243,부안,12/10/2022,-0.09
243,부안,13/10/2022,-0.06
243,부안,14/10/2022,-0.01
243,부안,15/10/2022,0.03
243,부안,16/10/2022,0.06
243,부안,17/10/2022,0.11
243,부안,18/10/2022,-0.18
243,부안,19/10/2022,-0.15
243,부안,20/10/2022,-0.16
243,부안,21/10/2022,-0.16
243,부안,22/10/2022,-0.15
243,부안,23/10/2022,-0.13
243,부안,24/10/2022,-0.13
243,부안,25/10/2022,-0.11
243,부안,26/10/2022,-0.05
243,부안,27/10/2022,-0.05
243,부안,28/10/2022,-0.04
243,부안,29/10/2022,-0.01
243,부안,30/10/2022,-0.01
243,부안,31/10/2022,-0.07
243,부안,01/11/2022,-0.15
243,부안,02/11/2022,-0.14
243,부안,03/11/2022,-0.15
243,부안,04/11/2022,-0.09
243,부안,05/11/2022,-0.08
243,부안,06/11/2022,-0.05
243,부안,07/11/2022,-0.02
243,부안,08/11/2022,0
243,부안,09/11/2022,0.04
243,부안,10/11/2022,0.04
243,부안,11/11/2022,-0.44
243,부안,12/11/2022,-0.4
243,부안,14/11/2022,-0.44
243,부안,15/11/2022,-0.41
243,부안,16/11/2022,-1.06
243,부안,17/11/2022,-1.03
243,부안,18/11/2022,-1
243,부안,19/11/2022,-1
243,부안,20/11/2022,-1.2
243,부안,21/11/2022,-1.14
243,부안,22/11/2022,-1.09
243,부안,23/11/2022,-1.08
243,부안,24/11/2022,-1.03
243,부안,25/11/2022,-0.99
243,부안,26/11/2022,-0.96
243,부안,27/11/2022,-0.94
243,부안,28/11/2022,-0.53
243,부안,29/11/2022,-0.48
243,부안,30/11/2022,-0.38
243,부안,01/12/2022,-0.36
243,부안,02/12/2022,-0.28
243,부안,03/12/2022,-0.28
243,부안,04/12/2022,-0.31
243,부안,05/12/2022,-0.96
243,부안,06/12/2022,-1.36
243,부안,07/12/2022,-1.31
243,부안,08/12/2022,-1.32
243,부안,09/12/2022,-1.29
243,부안,10/12/2022,-1.25
243,부안,11/12/2022,-1.17
243,부안,12/12/2022,-1.1
243,부안,13/12/2022,-1.07
243,부안,14/12/2022,-0.97
243,부안,15/12/2022,-0.92
243,부안,16/12/2022,-0.88
243,부안,17/12/2022,-0.72
243,부안,18/12/2022,-0.6
243,부안,19/12/2022,-0.6
243,부안,20/12/2022,-0.56
243,부안,21/12/2022,-0.4
243,부안,22/12/2022,-0.2
243,부안,23/12/2022,0.06
243,부안,24/12/2022,0.13
243,부안,25/12/2022,0.13
243,부안,26/12/2022,0.13
243,부안,27/12/2022,0.16
243,부안,28/12/2022,0.16
243,부안,29/12/2022,0.19
243,부안,30/12/2022,0.23
243,부안,31/12/2022,0.21
243,부안,01/01/2023,0
243,부안,02/01/2023,0.31
243,부안,03/01/2023,0.29
243,부안,04/01/2023,-0.05
243,부안,05/01/2023,0
243,부안,06/01/2023,0.06
243,부안,07/01/2023,0.04
243,부안,08/01/2023,0.04
243,부안,09/01/2023,-0.19
243,부안,10/01/2023,-0.22
243,부안,11/01/2023,-0.2
243,부안,12/01/2023,-0.13
243,부안,13/01/2023,0.42
243,부안,14/01/2023,0.42
243,부안,15/01/2023,0.44
243,부안,16/01/2023,0.43
243,부안,17/01/2023,0.43
243,부안,18/01/2023,0.42
243,부안,19/01/2023,0.42
243,부안,20/01/2023,0.41
243,부안,21/01/2023,0.39
243,부안,22/01/2023,0.41
243,부안,23/01/2023,0.41
243,부안,24/01/2023,0.47
243,부안,25/01/2023,0.48
243,부안,26/01/2023,0.49
243,부안,27/01/2023,0.55
243,부안,28/01/2023,0.59
243,부안,29/01/2023,0.61
243,부안,30/01/2023,0.63
243,부안,31/01/2023,0.67
243,부안,01/02/2023,0.68
243,부안,02/02/2023,0.68
243,부안,03/02/2023,0.69
243,부안,04/02/2023,0.7
243,부안,05/02/2023,0.72
243,부안,06/02/2023,0.77
243,부안,07/02/2023,0.82
243,부안,08/02/2023,0.83
243,부안,09/02/2023,0.85
243,부안,10/02/2023,0.93
243,부안,11/02/2023,0.92
243,부안,12/02/2023,0.77
243,부안,13/02/2023,0.77
243,부안,14/02/2023,0.77
243,부안,15/02/2023,0.76
243,부안,16/02/2023,0.68
243,부안,17/02/2023,0.7
243,부안,18/02/2023,0.72
243,부안,19/02/2023,0.76
243,부안,20/02/2023,0.76
243,부안,21/02/2023,0.77
243,부안,22/02/2023,0.74
243,부안,23/02/2023,0.7
243,부안,24/02/2023,0.76
243,부안,25/02/2023,0.71
243,부안,26/02/2023,0.73
243,부안,27/02/2023,0.71
243,부안,28/02/2023,-0.15
243,부안,01/03/2023,-0.15
243,부안,02/03/2023,-0.12
243,부안,03/03/2023,-0.11
243,부안,04/03/2023,-0.06
243,부안,05/03/2023,-0.09
243,부안,06/03/2023,-0.09
243,부안,07/03/2023,-0.1
243,부안,08/03/2023,-0.09
243,부안,09/03/2023,-0.1
243,부안,10/03/2023,-0.09
243,부안,11/03/2023,-0.11
243,부안,12/03/2023,0.03
243,부안,13/03/2023,-0.03
243,부안,14/03/2023,-0.09
243,부안,15/03/2023,-0.19
243,부안,16/03/2023,-0.2
243,부안,17/03/2023,-0.37
243,부안,18/03/2023,-0.64
243,부안,19/03/2023,-0.66
243,부안,20/03/2023,-0.68
243,부안,21/03/2023,-0.88
243,부안,22/03/2023,-1.26
243,부안,23/03/2023,-1.55
243,부안,24/03/2023,-1.55
243,부안,25/03/2023,-1.64
243,부안,26/03/2023,-1.68
243,부안,27/03/2023,-1.64
243,부안,28/03/2023,-1.6
243,부안,29/03/2023,-1.62
243,부안,30/03/2023,-1.63
243,부안,31/03/2023,-1.6
243,부안,01/04/2023,-1.58
243,부안,02/04/2023,-1.58
243,부안,03/04/2023,-1.55
243,부안,04/04/2023,-1.14
243,부안,05/04/2023,-0.64
243,부안,06/04/2023,-0.6
243,부안,07/04/2023,-0.59
243,부안,08/04/2023,-0.59
243,부안,09/04/2023,-0.71
243,부안,10/04/2023,-0.74
243,부안,11/04/2023,-0.77
243,부안,12/04/2023,-0.83
243,부안,13/04/2023,-1.58
243,부안,14/04/2023,-1.56
243,부안,15/04/2023,-1.45
243,부안,16/04/2023,-1.41
243,부안,17/04/2023,-1.47
243,부안,18/04/2023,-1.59
243,부안,19/04/2023,-1.74
243,부안,20/04/2023,-1.72
243,부안,21/04/2023,-1.79
243,부안,22/04/2023,-1.82
243,부안,23/04/2023,-1.82
243,부안,24/04/2023,-1.83
243,부안,25/04/2023,-1.79
243,부안,26/04/2023,-1.89
243,부안,27/04/2023,-1.89
243,부안,28/04/2023,-1.93
243,부안,29/04/2023,-1.92
243,부안,30/04/2023,-1.94
243,부안,01/05/2023,-1.97
243,부안,02/05/2023,-1.96
243,부안,03/05/2023,-2
243,부안,04/05/2023,-1.84
243,부안,05/05/2023,0.56
243,부안,06/05/2023,0.56
243,부안,07/05/2023,0.52
243,부안,08/05/2023,0.51
243,부안,09/05/2023,0.5
243,부안,11/05/2023,0.39
243,부안,12/05/2023,0.37
243,부안,13/05/2023,0.3
243,부안,14/05/2023,0.26
243,부안,15/05/2023,0.26
243,부안,16/05/2023,0.26
243,부안,17/05/2023,0.25
243,부안,18/05/2023,0.2
243,부안,19/05/2023,0.18
243,부안,20/05/2023,0.17
243,부안,21/05/2023,0.17
243,부안,22/05/2023,0.19
243,부안,23/05/2023,0.2
243,부안,24/05/2023,0.18
243,부안,25/05/2023,0.19
243,부안,26/05/2023,0.18
243,부안,27/05/2023,0.18
243,부안,28/05/2023,0.43
243,부안,29/05/2023,1.02
243,부안,30/05/2023,0.99
243,부안,31/05/2023,0.97
243,부안,01/06/2023,0.94
243,부안,02/06/2023,0.92
243,부안,03/06/2023,0.89
243,부안,04/06/2023,0.88
243,부안,05/06/2023,0.89
243,부안,06/06/2023,0.9
243,부안,07/06/2023,0.85
243,부안,08/06/2023,0.84
243,부안,09/06/2023,0.86
243,부안,10/06/2023,0.83
243,부안,11/06/2023,0.82
243,부안,12/06/2023,0.73
243,부안,13/06/2023,0.73
243,부안,14/06/2023,0.69
243,부안,15/06/2023,0.7
243,부안,16/06/2023,0.68
243,부안,17/06/2023,0.63
243,부안,18/06/2023,0.62
243,부안,19/06/2023,0.54
243,부안,20/06/2023,0.51
243,부안,21/06/2023,0.48
243,부안,22/06/2023,0.46
243,부안,23/06/2023,0.28
243,부안,24/06/2023,0.2
243,부안,25/06/2023,0.11
243,부안,26/06/2023,0.27
243,부안,27/06/2023,0.58
243,부안,28/06/2023,1.42
243,부안,29/06/2023,1.76
243,부안,30/06/2023,1.8
243,부안,01/07/2023,1.68
243,부안,02/07/2023,1.57
243,부안,03/07/2023,1.45
243,부안,04/07/2023,1.56
243,부안,05/07/2023,1.58
243,부안,06/07/2023,1.47
243,부안,07/07/2023,1.63
243,부안,08/07/2023,1.65
243,부안,09/07/2023,1.57
243,부안,10/07/2023,1.49
243,부안,11/07/2023,1.39
243,부안,12/07/2023,1.32
243,부안,13/07/2023,1.38
243,부안,14/07/2023,2.18
243,부안,15/07/2023,2.25
243,부안,16/07/2023,2.18
243,부안,17/07/2023,2.26
243,부안,18/07/2023,2.49
243,부안,19/07/2023,2.51
243,부안,20/07/2023,2.56
243,부안,21/07/2023,2.48
243,부안,22/07/2023,2.45
243,부안,23/07/2023,2.77
243,부안,24/07/2023,2.84
243,부안,25/07/2023,2.95
243,부안,26/07/2023,2.92
243,부안,27/07/2023,2.88
243,부안,28/07/2023,2.83
243,부안,29/07/2023,2.77
243,부안,30/07/2023,2.74
243,부안,31/07/2023,2.72
243,부안,01/08/2023,2.67
243,부안,02/08/2023,2.71
243,부안,03/08/2023,2.66
243,부안,04/08/2023,2.61
243,부안,05/08/2023,2.17
243,부안,06/08/2023,2.18
243,부안,07/08/2023,2.11
243,부안,08/08/2023,2.06
243,부안,09/08/2023,2.06
243,부안,10/08/2023,2.26
243,부안,11/08/2023,2.27
243,부안,12/08/2023,2.27
243,부안,13/08/2023,2.26
243,부안,14/08/2023,2.26
243,부안,15/08/2023,2.24
243,부안,16/08/2023,2.19
243,부안,17/08/2023,2.18
243,부안,18/08/2023,2.13
243,부안,19/08/2023,2.11
243,부안,20/08/2023,2.08
243,부안,21/08/2023,2.07
243,부안,22/08/2023,2.06
243,부안,23/08/2023,2.14
243,부안,24/08/2023,2.14
243,부안,25/08/2023,2.1
243,부안,26/08/2023,2.09
243,부안,27/08/2023,2.04
243,부안,28/08/2023,1.95
243,부안,29/08/2023,1.69
243,부안,30/08/2023,1.65
243,부안,31/08/2023,1.61
243,부안,01/09/2023,1.55
243,부안,02/09/2023,1.53
243,부안,03/09/2023,1.51
243,부안,04/09/2023,1.51
243,부안,05/09/2023,1.48
243,부안,06/09/2023,1.46
243,부안,07/09/2023,1.45
243,부안,08/09/2023,1.45
243,부안,09/09/2023,1.45
243,부안,10/09/2023,1.48
243,부안,11/09/2023,1.47
243,부안,12/09/2023,1.46
243,부안,13/09/2023,1.52
243,부안,14/09/2023,1.52
243,부안,15/09/2023,1.48
243,부안,16/09/2023,1.44
243,부안,17/09/2023,1.64
243,부안,18/09/2023,1.62
243,부안,19/09/2023,1.64
243,부안,20/09/2023,1.79
243,부안,21/09/2023,1.78
243,부안,22/09/2023,1.8
243,부안,23/09/2023,1.82
243,부안,24/09/2023,1.78
243,부안,25/09/2023,1.81
243,부안,26/09/2023,1.78
243,부안,27/09/2023,1.7
243,부안,28/09/2023,1.41
243,부안,29/09/2023,1.27
243,부안,30/09/2023,1.26
243,부안,01/10/2023,1.31
243,부안,02/10/2023,1.32
243,부안,03/10/2023,1.39
243,부안,04/10/2023,1.24
243,부안,05/10/2023,1.19
243,부안,06/10/2023,1.22
243,부안,07/10/2023,1.14
243,부안,08/10/2023,1.17
243,부안,09/10/2023,1.22
243,부안,10/10/2023,1.24
243,부안,11/10/2023,1.26
243,부안,12/10/2023,1.29
243,부안,13/10/2023,1.25
243,부안,14/10/2023,0.59
243,부안,15/10/2023,0.5
243,부안,16/10/2023,0.52
243,부안,17/10/2023,0.48
243,부안,18/10/2023,0.23
243,부안,19/10/2023,0.26
243,부안,20/10/2023,0.31
243,부안,21/10/2023,0.32
243,부안,22/10/2023,0.3
243,부안,24/10/2023,-0.23
243,부안,25/10/2023,-0.31
243,부안,26/10/2023,-0.26
243,부안,27/10/2023,-0.27
243,부안,28/10/2023,-0.25
243,부안,29/10/2023,-0.23
243,부안,30/10/2023,-0.23
243,부안,31/10/2023,-0.21
243,부안,01/11/2023,-0.19
243,부안,02/11/2023,-0.17
243,부안,03/11/2023,-0.14
243,부안,04/11/2023,0
243,부안,05/11/2023,0.01
243,부안,06/11/2023,0.13
243,부안,07/11/2023,0.17
243,부안,08/11/2023,0.19
243,부안,09/11/2023,0.27
243,부안,10/11/2023,-0.05
243,부안,11/11/2023,-0.05
243,부안,12/11/2023,-0.05
243,부안,13/11/2023,-0.01
243,부안,14/11/2023,0.01
243,부안,15/11/2023,0.03
243,부안,16/11/2023,0.2
243,부안,17/11/2023,0.31
243,부안,18/11/2023,0.37
243,부안,19/11/2023,0.38
243,부안,20/11/2023,0.44
243,부안,21/11/2023,0.48
243,부안,22/11/2023,0.48
243,부안,23/11/2023,0.31
243,부안,24/11/2023,0.35
243,부안,25/11/2023,0.43
243,부안,26/11/2023,0.48
243,부안,27/11/2023,0.52
243,부안,28/11/2023,0.55
243,부안,29/11/2023,0.61
243,부안,30/11/2023,0.66
243,부안,01/12/2023,0.72
243,부안,02/12/2023,0.79
243,부안,03/12/2023,0.8
243,부안,04/12/2023,0.8
243,부안,05/12/2023,0.89
243,부안,06/12/2023,0.93
243,부안,07/12/2023,0.98
243,부안,08/12/2023,1
243,부안,09/12/2023,1.05
243,부안,10/12/2023,1.04
243,부안,11/12/2023,1.29
243,부안,12/12/2023,1.28
243,부안,13/12/2023,1.13
243,부안,14/12/2023,1.24
243,부안,15/12/2023,1.45
243,부안,16/12/2023,1.18
243,부안,17/12/2023,1.31
243,부안,18/12/2023,1.35
243,부안,19/12/2023,1.44
243,부안,20/12/2023,1.08
243,부안,21/12/2023,1.2
243,부안,22/12/2023,1.23
243,부안,23/12/2023,1.28
243,부안,24/12/2023,1.39
243,부안,25/12/2023,1.38
243,부안,26/12/2023,1.36
243,부안,27/12/2023,1.34
243,부안,28/12/2023,1.34
243,부안,29/12/2023,1.43
243,부안,30/12/2023,1.48
243,부안,31/12/2023,1.52
243,부안,01/01/2024,1.54
243,부안,02/01/2024,1.57
243,부안,03/01/2024,1.61
243,부안,04/01/2024,1.6
243,부안,05/01/2024,1.73
243,부안,06/01/2024,1.78
243,부안,07/01/2024,1.81
243,부안,08/01/2024,1.79
243,부안,09/01/2024,1.86
243,부안,10/01/2024,1.96
243,부안,11/01/2024,2.02
243,부안,12/01/2024,2.07
243,부안,13/01/2024,2.04
243,부안,14/01/2024,2.03
243,부안,15/01/2024,2.04
243,부안,16/01/2024,1.99
243,부안,17/01/2024,2.05
243,부안,18/01/2024,2.12
243,부안,19/01/2024,2.09
243,부안,20/01/2024,2.19
243,부안,21/01/2024,2.19
243,부안,22/01/2024,2.27
243,부안,23/01/2024,2.34
243,부안,24/01/2024,2.36
243,부안,25/01/2024,2.36
243,부안,26/01/2024,2.35
243,부안,27/01/2024,2.43
243,부안,28/01/2024,2.41
243,부안,29/01/2024,2.43
243,부안,30/01/2024,2.45
243,부안,31/01/2024,2.53
243,부안,01/02/2024,2.51
243,부안,02/02/2024,2.5
243,부안,03/02/2024,2.58
243,부안,04/02/2024,2.62
243,부안,05/02/2024,2.54
243,부안,06/02/2024,2.59
243,부안,07/02/2024,2.66
243,부안,08/02/2024,2.61
243,부안,09/02/2024,2.31
243,부안,10/02/2024,2.33
243,부안,11/02/2024,2.32
243,부안,12/02/2024,2.38
243,부안,13/02/2024,2.44
243,부안,14/02/2024,2.45
243,부안,15/02/2024,2.43
243,부안,16/02/2024,2.15
243,부안,17/02/2024,1.94
243,부안,18/02/2024,2.36
243,부안,19/02/2024,2.58
243,부안,20/02/2024,2.65
243,부안,21/02/2024,2.89
243,부안,22/02/2024,2.98
243,부안,23/02/2024,2.88
243,부안,24/02/2024,3.05
243,부안,25/02/2024,2.96
243,부안,26/02/2024,3.01
243,부안,27/02/2024,2.84
243,부안,28/02/2024,2.84
243,부안,02/03/2024,2.84
243,부안,03/03/2024,2.81
243,부안,04/03/2024,2.87
243,부안,05/03/2024,2.92
243,부안,06/03/2024,2.88
243,부안,07/03/2024,2.89
243,부안,08/03/2024,2.91
243,부안,09/03/2024,2.83
243,부안,10/03/2024,2.86
243,부안,11/03/2024,2.66
243,부안,12/03/2024,2.76
243,부안,13/03/2024,2.79
243,부안,14/03/2024,2.69
243,부안,15/03/2024,2.15
243,부안,16/03/2024,2.18
243,부안,17/03/2024,2.14
243,부안,18/03/2024,2.12
243,부안,19/03/2024,2.09
243,부안,20/03/2024,1.9
243,부안,21/03/2024,1.78
243,부안,22/03/2024,1.76
243,부안,23/03/2024,1.73
243,부안,24/03/2024,1.62
243,부안,25/03/2024,1.87
243,부안,26/03/2024,2.27
243,부안,27/03/2024,2.19
243,부안,28/03/2024,2.51
243,부안,29/03/2024,2.5
243,부안,30/03/2024,2.52
243,부안,31/03/2024,2.45
243,부안,01/04/2024,2.4
243,부안,02/04/2024,2.41
243,부안,03/04/2024,2.64
243,부안,04/04/2024,2.65
243,부안,05/04/2024,2.56
243,부안,06/04/2024,2.49
243,부안,07/04/2024,2.41
243,부안,08/04/2024,2.42
243,부안,09/04/2024,2.43
243,부안,10/04/2024,2.43
243,부안,11/04/2024,2.45
243,부안,12/04/2024,2.39
243,부안,13/04/2024,2.27
243,부안,14/04/2024,2.19
243,부안,15/04/2024,2.23
243,부안,16/04/2024,2.12
243,부안,17/04/2024,2.04
243,부안,18/04/2024,2
243,부안,20/04/2024,1.82
243,부안,21/04/2024,1.92
243,부안,22/04/2024,1.9
243,부안,23/04/2024,1.74
243,부안,24/04/2024,1.67
243,부안,25/04/2024,1.61
243,부안,26/04/2024,1.55
243,부안,27/04/2024,1.49
243,부안,28/04/2024,1.41
243,부안,29/04/2024,1.38
243,부안,30/04/2024,1.36
243,부안,01/05/2024,1.34
243,부안,02/05/2024,1.29
243,부안,03/05/2024,1.19
243,부안,04/05/2024,1.15
243,부안,05/05/2024,1.6
243,부안,06/05/2024,1.51
243,부안,07/05/2024,1.42
243,부안,08/05/2024,1.44
243,부안,09/05/2024,1.43
243,부안,10/05/2024,1.42
243,부안,11/05/2024,1.5
243,부안,12/05/2024,1.49
243,부안,13/05/2024,1.41
243,부안,14/05/2024,1.38
243,부안,15/05/2024,1.39
243,부안,16/05/2024,1.37
243,부안,17/05/2024,1.37
243,부안,18/05/2024,0.94
243,부안,19/05/2024,0.74
243,부안,20/05/2024,0.67
243,부안,21/05/2024,0.43
243,부안,22/05/2024,0.34
243,부안,23/05/2024,0.34
243,부안,24/05/2024,0.22
243,부안,25/05/2024,0.19
243,부안,26/05/2024,0.18
243,부안,27/05/2024,0.17
243,부안,28/05/2024,0.16
243,부안,29/05/2024,0.12
243,부안,30/05/2024,0.09
243,부안,31/05/2024,0.08
243,부안,01/06/2024,0.05
243,부안,02/06/2024,0.02
243,부안,03/06/2024,0.02
243,부안,04/06/2024,0.01
243,부안,05/06/2024,-0.02
243,부안,06/06/2024,-0.02
243,부안,07/06/2024,-0.07
243,부안,08/06/2024,-0.11
243,부안,09/06/2024,-0.15
243,부안,10/06/2024,-0.22
243,부안,11/06/2024,-0.24
243,부안,12/06/2024,-0.23
243,부안,13/06/2024,-0.23
243,부안,14/06/2024,-0.25
243,부안,15/06/2024,-0.23
243,부안,16/06/2024,-0.23
243,부안,17/06/2024,-0.27
243,부안,18/06/2024,-0.37
243,부안,19/06/2024,-0.45
243,부안,20/06/2024,-0.47
243,부안,21/06/2024,-0.48
243,부안,22/06/2024,-0.4
243,부안,23/06/2024,-0.4
243,부안,24/06/2024,-0.47
243,부안,25/06/2024,-0.72
243,부안,26/06/2024,-1.1
243,부안,27/06/2024,-1.13
243,부안,28/06/2024,-1.54
243,부안,29/06/2024,-1.19
243,부안,30/06/2024,-0.82
243,부안,01/07/2024,-0.92
243,부안,02/07/2024,-0.75
243,부안,03/07/2024,-0.88
243,부안,04/07/2024,-0.89
243,부안,05/07/2024,-0.94
243,부안,06/07/2024,-0.95
243,부안,07/07/2024,-0.91
243,부안,08/07/2024,-0.71
243,부안,09/07/2024,0.14
243,부안,10/07/2024,0.25
243,부안,11/07/2024,0.13
243,부안,12/07/2024,0.06
243,부안,13/07/2024,0.03
243,부안,14/07/2024,-0.05
243,부안,15/07/2024,-0.14
243,부안,16/07/2024,-0.03
243,부안,17/07/2024,-0.08
243,부안,18/07/2024,0.03
243,부안,19/07/2024,0.01
243,부안,20/07/2024,0.2
243,부안,21/07/2024,0.19
243,부안,22/07/2024,0.15
243,부안,23/07/2024,0.1
243,부안,24/07/2024,0.08
243,부안,25/07/2024,0.05
243,부안,26/07/2024,0.02
243,부안,27/07/2024,0.01
243,부안,28/07/2024,0.09
243,부안,29/07/2024,0.06
243,부안,30/07/2024,0.06
243,부안,31/07/2024,0.03
243,부안,01/08/2024,0.01
243,부안,02/08/2024,0
243,부안,03/08/2024,0
243,부안,04/08/2024,-0.04
243,부안,05/08/2024,-0.43
243,부안,06/08/2024,-0.46
243,부안,07/08/2024,-0.49
243,부안,08/08/2024,-0.55
243,부안,09/08/2024,-0.56
243,부안,10/08/2024,-0.59
243,부안,11/08/2024,-0.67
243,부안,12/08/2024,-0.68
243,부안,13/08/2024,-0.71
243,부안,14/08/2024,-0.72
243,부안,15/08/2024,-0.74
243,부안,16/08/2024,-0.77
243,부안,17/08/2024,-0.8
243,부안,18/08/2024,-0.78
243,부안,19/08/2024,-0.79
243,부안,20/08/2024,-0.77
243,부안,21/08/2024,-0.81
243,부안,22/08/2024,-0.73
243,부안,23/08/2024,-0.77
243,부안,24/08/2024,-0.83
243,부안,25/08/2024,-0.89
243,부안,26/08/2024,-0.94
243,부안,27/08/2024,-0.96
243,부안,28/08/2024,-0.98
243,부안,29/08/2024,-0.99
243,부안,30/08/2024,-1.02
243,부안,31/08/2024,-1.03
243,부안,01/09/2024,-1
243,부안,02/09/2024,-1.02
243,부안,03/09/2024,-0.99
243,부안,04/09/2024,-0.98
243,부안,05/09/2024,-1.01
243,부안,06/09/2024,-1.01
243,부안,07/09/2024,-1.01
243,부안,08/09/2024,-1.01
243,부안,09/09/2024,-1.02
243,부안,10/09/2024,-1.02
243,부안,11/09/2024,-0.6
243,부안,12/09/2024,-0.61
243,부안,13/09/2024,-0.6
243,부안,14/09/2024,-0.6
243,부안,15/09/2024,-0.61
243,부안,16/09/2024,-0.61
243,부안,17/09/2024,-0.63
243,부안,18/09/2024,-0.59
243,부안,19/09/2024,-0.58
243,부안,20/09/2024,-0.49
243,부안,21/09/2024,-0.27
243,부안,22/09/2024,-0.31
243,부안,23/09/2024,-0.3
243,부안,24/09/2024,-0.27
243,부안,25/09/2024,-0.21
243,부안,26/09/2024,-0.2
243,부안,27/09/2024,-0.18
243,부안,28/09/2024,-0.16
243,부안,29/09/2024,-0.28
243,부안,30/09/2024,-0.41
243,부안,01/10/2024,-0.36
243,부안,02/10/2024,-0.43
243,부안,03/10/2024,-0.5
243,부안,04/10/2024,-0.46
243,부안,05/10/2024,-0.45
243,부안,06/10/2024,-0.42
243,부안,07/10/2024,-0.41
243,부안,08/10/2024,-0.55
243,부안,09/10/2024,-1.15
243,부안,10/10/2024,-1.25
243,부안,11/10/2024,-1.14
243,부안,12/10/2024,-1.07
243,부안,13/10/2024,-1.05
243,부안,14/10/2024,-0.88
243,부안,15/10/2024,-0.82
243,부안,16/10/2024,-0.91
243,부안,17/10/2024,-0.87
243,부안,18/10/2024,-0.89
243,부안,19/10/2024,-0.85
243,부안,20/10/2024,-1.1
243,부안,21/10/2024,-1.02
243,부안,22/10/2024,-0.92
243,부안,23/10/2024,-0.88
243,부안,24/10/2024,-0.86
243,부안,25/10/2024,-0.83
243,부안,26/10/2024,-0.78
243,부안,27/10/2024,-0.87
243,부안,28/10/2024,-0.86
243,부안,29/10/2024,-0.84
243,부안,30/10/2024,-0.84
243,부안,31/10/2024,-0.82
243,부안,01/11/2024,-0.77
243,부안,02/11/2024,-0.76
243,부안,03/11/2024,-0.72
243,부안,04/11/2024,-0.6
243,부안,05/11/2024,-0.59
243,부안,06/11/2024,-0.57
243,부안,07/11/2024,-0.54
243,부안,08/11/2024,-0.51
243,부안,09/11/2024,-0.47
243,부안,10/11/2024,-0.42
243,부안,11/11/2024,-0.4
243,부안,12/11/2024,-0.41
243,부안,13/11/2024,-0.38
243,부안,14/11/2024,-0.36
243,부안,15/11/2024,-0.36
243,부안,16/11/2024,-0.29
243,부안,17/11/2024,-0.27
243,부안,18/11/2024,-0.26
243,부안,19/11/2024,-0.25
243,부안,20/11/2024,-0.26
243,부안,21/11/2024,-0.22
243,부안,22/11/2024,-0.29
243,부안,23/11/2024,-0.26
243,부안,24/11/2024,-0.21
243,부안,25/11/2024,0.09
243,부안,26/11/2024,0.03
243,부안,27/11/2024,0.09
243,부안,28/11/2024,0.17
243,부안,29/11/2024,0.31
243,부안,30/11/2024,0.49
243,부안,01/12/2024,0.53
243,부안,02/12/2024,0.6
243,부안,03/12/2024,0.58
243,부안,04/12/2024,0.57
243,부안,05/12/2024,0.67
243,부안,06/12/2024,0.69
243,부안,07/12/2024,0.75
243,부안,08/12/2024,0.77
243,부안,09/12/2024,0.82
243,부안,10/12/2024,0.8
243,부안,11/12/2024,0.07
243,부안,12/12/2024,0.1
243,부안,13/12/2024,0.16
243,부안,14/12/2024,0.25
243,부안,15/12/2024,0.3
243,부안,16/12/2024,0.39
243,부안,17/12/2024,0.46
243,부안,18/12/2024,0.49
243,부안,19/12/2024,0.54
243,부안,20/12/2024,0.38
243,부안,21/12/2024,-0.28
243,부안,22/12/2024,-0.27
243,부안,23/12/2024,-0.26
243,부안,24/12/2024,-0.2
243,부안,25/12/2024,-0.21
243,부안,26/12/2024,-0.2
243,부안,27/12/2024,-0.13
243,부안,28/12/2024,0.11
243,부안,29/12/2024,0.14
243,부안,30/12/2024,0.18
243,부안,31/12/2024,0.16
245,정읍,01/01/2022,0.1
245,정읍,02/01/2022,0.14
245,정읍,03/01/2022,0.15
245,정읍,04/01/2022,0.15
245,정읍,05/01/2022,0.2
245,정읍,06/01/2022,0.23
245,정읍,07/01/2022,0.21
245,정읍,08/01/2022,0.18
245,정읍,09/01/2022,0.19
245,정읍,10/01/2022,0.17
245,정읍,11/01/2022,0.07
245,정읍,12/01/2022,0.04
245,정읍,13/01/2022,0.05
245,정읍,14/01/2022,0.06
245,정읍,15/01/2022,-0.2
245,정읍,16/01/2022,-0.31
245,정읍,17/01/2022,-0.32
245,정읍,18/01/2022,-0.32
245,정읍,19/01/2022,-0.39
245,정읍,20/01/2022,-0.41
245,정읍,21/01/2022,-0.42
245,정읍,22/01/2022,-0.44
245,정읍,23/01/2022,-0.46
245,정읍,24/01/2022,-0.44
245,정읍,25/01/2022,-0.41
245,정읍,26/01/2022,-0.4
245,정읍,27/01/2022,-0.37
245,정읍,28/01/2022,-0.35
245,정읍,29/01/2022,-0.35
245,정읍,30/01/2022,-0.33
245,정읍,31/01/2022,-0.29
245,정읍,01/02/2022,-0.25
245,정읍,02/02/2022,-0.24
245,정읍,03/02/2022,-0.26
245,정읍,04/02/2022,-0.23
245,정읍,05/02/2022,-0.15
245,정읍,06/02/2022,-0.07
245,정읍,08/02/2022,-0.69
245,정읍,09/02/2022,-0.74
245,정읍,10/02/2022,-1.03
245,정읍,11/02/2022,-1.19
245,정읍,12/02/2022,-1.3
245,정읍,13/02/2022,-1.29
245,정읍,14/02/2022,-1.31
245,정읍,15/02/2022,-1.32
245,정읍,16/02/2022,-1.08
245,정읍,17/02/2022,-1.03
245,정읍,18/02/2022,-1.01
245,정읍,19/02/2022,-1.01
245,정읍,20/02/2022,-0.97
245,정읍,21/02/2022,-1
245,정읍,22/02/2022,-1.41
245,정읍,23/02/2022,-1.61
245,정읍,24/02/2022,-1.63
245,정읍,25/02/2022,-1.6
245,정읍,26/02/2022,-1.6
245,정읍,27/02/2022,-1.44
245,정읍,28/02/2022,-2.15
245,정읍,01/03/2022,-2.25
245,정읍,02/03/2022,-2.24
245,정읍,03/03/2022,-2.26
245,정읍,04/03/2022,-2.23
245,정읍,05/03/2022,-2.24
245,정읍,06/03/2022,-2.22
245,정읍,07/03/2022,-2.23
245,정읍,08/03/2022,-2.25
245,정읍,09/03/2022,-2.21
245,정읍,10/03/2022,-2.26
245,정읍,11/03/2022,-2.35
245,정읍,12/03/2022,-2.48
245,정읍,13/03/2022,-2.17
245,정읍,14/03/2022,-2.11
245,정읍,15/03/2022,-2.18
245,정읍,16/03/2022,-2.24
245,정읍,17/03/2022,-2.28
245,정읍,18/03/2022,-2.29
245,정읍,19/03/2022,-1.92
245,정읍,20/03/2022,-1.95
245,정읍,21/03/2022,-1.91
245,정읍,22/03/2022,-1.95
245,정읍,23/03/2022,-2
245,정읍,24/03/2022,-1.95
245,정읍,25/03/2022,-1.33
245,정읍,26/03/2022,-0.81
245,정읍,27/03/2022,-0.79
245,정읍,28/03/2022,-0.78
245,정읍,29/03/2022,-0.81
245,정읍,30/03/2022,-0.97
245,정읍,31/03/2022,-0.94
245,정읍,01/04/2022,-0.95
245,정읍,02/04/2022,-0.95
245,정읍,03/04/2022,-0.92
245,정읍,04/04/2022,-0.93
245,정읍,05/04/2022,-0.93
245,정읍,06/04/2022,-0.96
245,정읍,07/04/2022,-0.94
245,정읍,08/04/2022,-0.95
245,정읍,09/04/2022,-1.06
245,정읍,10/04/2022,-1.09
245,정읍,11/04/2022,-1.18
245,정읍,12/04/2022,-1.22
245,정읍,13/04/2022,-0.35
245,정읍,14/04/2022,-0.39
245,정읍,15/04/2022,-0.41
245,정읍,16/04/2022,-0.44
245,정읍,17/04/2022,-0.46
245,정읍,18/04/2022,-0.55
245,정읍,19/04/2022,-0.6
245,정읍,20/04/2022,-0.61
245,정읍,21/04/2022,-0.63
245,정읍,22/04/2022,-0.64
245,정읍,23/04/2022,-0.65
245,정읍,24/04/2022,-0.64
245,정읍,25/04/2022,-0.29
245,정읍,26/04/2022,0
245,정읍,27/04/2022,-0.03
245,정읍,28/04/2022,-0.07
245,정읍,29/04/2022,0.08
245,정읍,30/04/2022,0.05
245,정읍,01/05/2022,0.01
245,정읍,02/05/2022,-0.01
245,정읍,03/05/2022,-0.05
245,정읍,04/05/2022,-0.08
245,정읍,05/05/2022,-0.15
245,정읍,06/05/2022,-0.23
245,정읍,07/05/2022,-0.3
245,정읍,08/05/2022,-0.31
245,정읍,09/05/2022,-0.32
245,정읍,10/05/2022,-0.36
245,정읍,11/05/2022,-0.4
245,정읍,12/05/2022,-0.44
245,정읍,13/05/2022,-0.5
245,정읍,14/05/2022,-0.55
245,정읍,15/05/2022,-0.54
245,정읍,16/05/2022,-0.65
245,정읍,17/05/2022,-0.67
245,정읍,18/05/2022,-0.71
245,정읍,19/05/2022,-0.73
245,정읍,20/05/2022,-0.75
245,정읍,21/05/2022,-0.77
245,정읍,22/05/2022,-0.75
245,정읍,23/05/2022,-0.73
245,정읍,24/05/2022,-0.73
245,정읍,25/05/2022,-0.71
245,정읍,26/05/2022,-0.71
245,정읍,27/05/2022,-0.71
245,정읍,28/05/2022,-0.7
245,정읍,29/05/2022,-0.71
245,정읍,30/05/2022,-0.66
245,정읍,31/05/2022,-0.69
245,정읍,01/06/2022,-0.76
245,정읍,02/06/2022,-0.8
245,정읍,03/06/2022,-0.77
245,정읍,04/06/2022,-0.75
245,정읍,05/06/2022,-0.08
245,정읍,06/06/2022,-0.08
245,정읍,07/06/2022,0.48
245,정읍,08/06/2022,0.54
245,정읍,09/06/2022,0.55
245,정읍,10/06/2022,0.52
245,정읍,11/06/2022,0.51
245,정읍,12/06/2022,0.51
245,정읍,13/06/2022,0.41
245,정읍,14/06/2022,0.5
245,정읍,15/06/2022,0.53
245,정읍,16/06/2022,0.52
245,정읍,17/06/2022,0.42
245,정읍,18/06/2022,0.37
245,정읍,19/06/2022,0.2
245,정읍,20/06/2022,0.13
245,정읍,21/06/2022,0.11
245,정읍,22/06/2022,0.08
245,정읍,23/06/2022,0.59
245,정읍,24/06/2022,0.91
245,정읍,25/06/2022,0.62
245,정읍,26/06/2022,0.42
245,정읍,27/06/2022,0.37
245,정읍,28/06/2022,0.31
245,정읍,29/06/2022,0.27
245,정읍,30/06/2022,0.25
245,정읍,01/07/2022,0.12
245,정읍,02/07/2022,0.07
245,정읍,03/07/2022,0.05
245,정읍,04/07/2022,-0.02
245,정읍,05/07/2022,-0.1
245,정읍,06/07/2022,-0.13
245,정읍,07/07/2022,-0.19
245,정읍,08/07/2022,-0.21
245,정읍,09/07/2022,-0.22
245,정읍,10/07/2022,-0.24
245,정읍,11/07/2022,-0.28
245,정읍,12/07/2022,-0.37
245,정읍,13/07/2022,-0.67
245,정읍,14/07/2022,-0.7
245,정읍,15/07/2022,-0.77
245,정읍,16/07/2022,-0.77
245,정읍,17/07/2022,-0.83
245,정읍,18/07/2022,-0.5
245,정읍,19/07/2022,-0.53
245,정읍,20/07/2022,-0.53
245,정읍,21/07/2022,-0.5
245,정읍,22/07/2022,-0.52
245,정읍,23/07/2022,-0.56
245,정읍,24/07/2022,-0.51
245,정읍,25/07/2022,-0.69
245,정읍,26/07/2022,-0.85
245,정읍,27/07/2022,-0.87
245,정읍,28/07/2022,-0.87
245,정읍,29/07/2022,-0.95
245,정읍,30/07/2022,-0.94
245,정읍,31/07/2022,-0.83
245,정읍,01/08/2022,-0.85
245,정읍,02/08/2022,-0.87
245,정읍,03/08/2022,-0.78
245,정읍,04/08/2022,-0.8
245,정읍,05/08/2022,-0.8
245,정읍,06/08/2022,-0.81
245,정읍,07/08/2022,-0.82
245,정읍,08/08/2022,-0.84
245,정읍,09/08/2022,-0.83
245,정읍,10/08/2022,-0.87
245,정읍,11/08/2022,-0.56
245,정읍,12/08/2022,-0.59
245,정읍,13/08/2022,-0.58
245,정읍,14/08/2022,-0.59
245,정읍,15/08/2022,-0.61
245,정읍,16/08/2022,-0.42
245,정읍,17/08/2022,-0.45
245,정읍,18/08/2022,-0.49
245,정읍,19/08/2022,-0.51
245,정읍,20/08/2022,-0.5
245,정읍,21/08/2022,-0.56
245,정읍,22/08/2022,-0.58
245,정읍,23/08/2022,-0.63
245,정읍,24/08/2022,-0.68
245,정읍,25/08/2022,-0.73
245,정읍,29/08/2022,-0.89
245,정읍,30/08/2022,-0.93
245,정읍,31/08/2022,-0.96
245,정읍,01/09/2022,-0.94
245,정읍,02/09/2022,-0.98
245,정읍,03/09/2022,-0.99
245,정읍,04/09/2022,-0.99
245,정읍,05/09/2022,-0.92
245,정읍,07/09/2022,-0.99
245,정읍,08/09/2022,-1.03
245,정읍,09/09/2022,-1.05
245,정읍,10/09/2022,-1.05
245,정읍,11/09/2022,-1.07
245,정읍,12/09/2022,-1.07
245,정읍,13/09/2022,-1.07
245,정읍,14/09/2022,-1.15
245,정읍,15/09/2022,-1.17
245,정읍,16/09/2022,-1.16
245,정읍,17/09/2022,-1.16
245,정읍,18/09/2022,-1.13
245,정읍,19/09/2022,-1.13
245,정읍,20/09/2022,-1.1
245,정읍,21/09/2022,-1.1
245,정읍,22/09/2022,-1.11
245,정읍,23/09/2022,-1.38
245,정읍,24/09/2022,-1.59
245,정읍,25/09/2022,-1.55
245,정읍,26/09/2022,-1.54
245,정읍,27/09/2022,-1.52
245,정읍,28/09/2022,-1.48
245,정읍,29/09/2022,-1.48
245,정읍,30/09/2022,-1.47
245,정읍,01/10/2022,-1.46
245,정읍,02/10/2022,-1.43
245,정읍,03/10/2022,-1.46
245,정읍,04/10/2022,-1.24
245,정읍,05/10/2022,-1.17
245,정읍,06/10/2022,-1.16
245,정읍,07/10/2022,-1.12
245,정읍,08/10/2022,-1.12
245,정읍,09/10/2022,-1.07
245,정읍,10/10/2022,-1.02
245,정읍,11/10/2022,-1
245,정읍,12/10/2022,-0.93
245,정읍,13/10/2022,-0.92
245,정읍,14/10/2022,-0.91
245,정읍,15/10/2022,-0.83
245,정읍,16/10/2022,-0.79
245,정읍,17/10/2022,-0.73
245,정읍,18/10/2022,-0.99
245,정읍,19/10/2022,-0.96
245,정읍,20/10/2022,-0.97
245,정읍,21/10/2022,-0.95
245,정읍,22/10/2022,-0.95
245,정읍,23/10/2022,-0.93
245,정읍,24/10/2022,-0.96
245,정읍,25/10/2022,-0.92
245,정읍,26/10/2022,-0.85
245,정읍,27/10/2022,-0.86
245,정읍,28/10/2022,-0.86
245,정읍,29/10/2022,-0.83
245,정읍,30/10/2022,-0.82
245,정읍,31/10/2022,-0.94
245,정읍,01/11/2022,-0.93
245,정읍,02/11/2022,-0.91
245,정읍,03/11/2022,-0.98
245,정읍,04/11/2022,-0.88
245,정읍,05/11/2022,-0.87
245,정읍,06/11/2022,-0.85
245,정읍,07/11/2022,-0.82
245,정읍,08/11/2022,-0.78
245,정읍,09/11/2022,-0.72
245,정읍,10/11/2022,-0.68
245,정읍,11/11/2022,-1.05
245,정읍,12/11/2022,-0.86
245,정읍,14/11/2022,-0.74
245,정읍,15/11/2022,-0.72
245,정읍,16/11/2022,-0.95
245,정읍,17/11/2022,-0.92
245,정읍,18/11/2022,-0.85
245,정읍,19/11/2022,-0.84
245,정읍,20/11/2022,-0.82
245,정읍,21/11/2022,-0.73
245,정읍,22/11/2022,-0.67
245,정읍,23/11/2022,-0.65
245,정읍,24/11/2022,-0.61
245,정읍,25/11/2022,-0.55
245,정읍,26/11/2022,-0.52
245,정읍,27/11/2022,-0.48
245,정읍,28/11/2022,-0.29
245,정읍,29/11/2022,-0.13
245,정읍,30/11/2022,0
245,정읍,01/12/2022,0.07
245,정읍,02/12/2022,0.15
245,정읍,03/12/2022,0.17
245,정읍,04/12/2022,0.16
245,정읍,05/12/2022,-0.56
245,정읍,06/12/2022,-1.17
245,정읍,07/12/2022,-1.15
245,정읍,08/12/2022,-1.16
245,정읍,09/12/2022,-1.13
245,정읍,10/12/2022,-1.1
245,정읍,11/12/2022,-1
245,정읍,12/12/2022,-0.95
245,정읍,13/12/2022,-0.93
245,정읍,14/12/2022,-0.78
245,정읍,15/12/2022,-0.73
245,정읍,16/12/2022,-0.68
245,정읍,17/12/2022,-0.57
245,정읍,18/12/2022,-0.46
245,정읍,19/12/2022,-0.45
245,정읍,20/12/2022,-0.41
245,정읍,21/12/2022,-0.3
245,정읍,22/12/2022,0
245,정읍,23/12/2022,0.34
245,정읍,24/12/2022,0.39
245,정읍,25/12/2022,0.39
245,정읍,26/12/2022,0.39
245,정읍,27/12/2022,0.42
245,정읍,28/12/2022,0.42
245,정읍,29/12/2022,0.46
245,정읍,30/12/2022,0.54
245,정읍,31/12/2022,0.53
245,정읍,01/01/2023,0
245,정읍,02/01/2023,0.62
245,정읍,03/01/2023,0.63
245,정읍,04/01/2023,0.25
245,정읍,05/01/2023,0.31
245,정읍,06/01/2023,0.38
245,정읍,07/01/2023,0.36
245,정읍,08/01/2023,0.37
245,정읍,09/01/2023,0.2
245,정읍,10/01/2023,0.06
245,정읍,11/01/2023,0.08
245,정읍,12/01/2023,0.13
245,정읍,13/01/2023,0.41
245,정읍,14/01/2023,0.43
245,정읍,15/01/2023,0.43
245,정읍,16/01/2023,0.43
245,정읍,17/01/2023,0.41
245,정읍,18/01/2023,0.4
245,정읍,19/01/2023,0.4
245,정읍,20/01/2023,0.39
245,정읍,21/01/2023,0.39
245,정읍,22/01/2023,0.39
245,정읍,23/01/2023,0.38
245,정읍,24/01/2023,0.42
245,정읍,25/01/2023,0.44
245,정읍,26/01/2023,0.45
245,정읍,27/01/2023,0.5
245,정읍,28/01/2023,0.53
245,정읍,29/01/2023,0.55
245,정읍,30/01/2023,0.58
245,정읍,31/01/2023,0.6
245,정읍,01/02/2023,0.63
245,정읍,02/02/2023,0.62
245,정읍,03/02/2023,0.62
245,정읍,04/02/2023,0.63
245,정읍,05/02/2023,0.66
245,정읍,06/02/2023,0.7
245,정읍,07/02/2023,0.74
245,정읍,08/02/2023,0.76
245,정읍,09/02/2023,0.77
245,정읍,10/02/2023,0.87
245,정읍,11/02/2023,0.87
245,정읍,12/02/2023,0.37
245,정읍,13/02/2023,0.17
245,정읍,14/02/2023,0.16
245,정읍,15/02/2023,0.16
245,정읍,16/02/2023,0.1
245,정읍,17/02/2023,0.12
245,정읍,18/02/2023,0.16
245,정읍,19/02/2023,0.21
245,정읍,20/02/2023,0.21
245,정읍,21/02/2023,0.22
245,정읍,22/02/2023,0.18
245,정읍,23/02/2023,0.18
245,정읍,24/02/2023,0.21
245,정읍,25/02/2023,0.16
245,정읍,26/02/2023,0.17
245,정읍,27/02/2023,0.21
245,정읍,28/02/2023,-0.43
245,정읍,01/03/2023,-0.38
245,정읍,02/03/2023,-0.37
245,정읍,03/03/2023,-0.35
245,정읍,04/03/2023,-0.32
245,정읍,05/03/2023,-0.35
245,정읍,06/03/2023,-0.34
245,정읍,07/03/2023,-0.35
245,정읍,08/03/2023,-0.35
245,정읍,09/03/2023,-0.35
245,정읍,10/03/2023,-0.35
245,정읍,11/03/2023,-0.38
245,정읍,12/03/2023,-0.09
245,정읍,13/03/2023,-0.15
245,정읍,14/03/2023,-0.28
245,정읍,15/03/2023,-0.35
245,정읍,16/03/2023,-0.36
245,정읍,17/03/2023,-0.45
245,정읍,18/03/2023,-0.69
245,정읍,19/03/2023,-0.73
245,정읍,20/03/2023,-0.75
245,정읍,21/03/2023,-0.89
245,정읍,22/03/2023,-1.45
245,정읍,23/03/2023,-1.81
245,정읍,24/03/2023,-1.79
245,정읍,25/03/2023,-1.88
245,정읍,26/03/2023,-1.89
245,정읍,27/03/2023,-1.85
245,정읍,28/03/2023,-1.83
245,정읍,29/03/2023,-1.85
245,정읍,30/03/2023,-1.86
245,정읍,31/03/2023,-1.83
245,정읍,01/04/2023,-1.82
245,정읍,02/04/2023,-1.81
245,정읍,03/04/2023,-1.76
245,정읍,04/04/2023,-1.41
245,정읍,05/04/2023,-1.08
245,정읍,06/04/2023,-0.98
245,정읍,07/04/2023,-0.96
245,정읍,08/04/2023,-0.98
245,정읍,09/04/2023,-1.08
245,정읍,10/04/2023,-1.11
245,정읍,11/04/2023,-1.16
245,정읍,12/04/2023,-1.2
245,정읍,13/04/2023,-1.61
245,정읍,14/04/2023,-1.53
245,정읍,15/04/2023,-1.46
245,정읍,16/04/2023,-1.42
245,정읍,17/04/2023,-1.43
245,정읍,18/04/2023,-1.57
245,정읍,19/04/2023,-1.64
245,정읍,20/04/2023,-1.64
245,정읍,21/04/2023,-1.66
245,정읍,22/04/2023,-1.66
245,정읍,23/04/2023,-1.67
245,정읍,24/04/2023,-1.68
245,정읍,25/04/2023,-1.67
245,정읍,26/04/2023,-1.74
245,정읍,27/04/2023,-1.75
245,정읍,28/04/2023,-1.81
245,정읍,29/04/2023,-1.72
245,정읍,30/04/2023,-1.72
245,정읍,01/05/2023,-1.73
245,정읍,02/05/2023,-1.75
245,정읍,03/05/2023,-1.76
245,정읍,04/05/2023,-1.67
245,정읍,05/05/2023,-0.37
245,정읍,06/05/2023,-0.35
245,정읍,07/05/2023,-0.36
245,정읍,08/05/2023,-0.37
245,정읍,09/05/2023,-0.38
245,정읍,11/05/2023,-0.53
245,정읍,12/05/2023,-0.56
245,정읍,13/05/2023,-0.63
245,정읍,14/05/2023,-0.67
245,정읍,15/05/2023,-0.65
245,정읍,16/05/2023,-0.64
245,정읍,17/05/2023,-0.66
245,정읍,18/05/2023,-0.64
245,정읍,19/05/2023,-0.68
245,정읍,20/05/2023,-0.68
245,정읍,21/05/2023,-0.7
245,정읍,22/05/2023,-0.68
245,정읍,23/05/2023,-0.66
245,정읍,24/05/2023,-0.67
245,정읍,25/05/2023,-0.65
245,정읍,26/05/2023,-0.68
245,정읍,27/05/2023,-0.68
245,정읍,28/05/2023,-0.38
245,정읍,29/05/2023,0.78
245,정읍,30/05/2023,0.73
245,정읍,31/05/2023,0.72
245,정읍,01/06/2023,0.64
245,정읍,02/06/2023,0.62
245,정읍,03/06/2023,0.61
245,정읍,04/06/2023,0.6
245,정읍,05/06/2023,0.6
245,정읍,06/06/2023,0.61
245,정읍,07/06/2023,0.56
245,정읍,08/06/2023,0.54
245,정읍,09/06/2023,0.55
245,정읍,10/06/2023,0.54
245,정읍,11/06/2023,0.52
245,정읍,12/06/2023,0.35
245,정읍,13/06/2023,0.36
245,정읍,14/06/2023,0.32
245,정읍,15/06/2023,0.34
245,정읍,16/06/2023,0.33
245,정읍,17/06/2023,0.28
245,정읍,18/06/2023,0.25
245,정읍,19/06/2023,0.2
245,정읍,20/06/2023,0.13
245,정읍,21/06/2023,0.12
245,정읍,22/06/2023,0.07
245,정읍,23/06/2023,-0.14
245,정읍,24/06/2023,-0.22
245,정읍,25/06/2023,-0.22
245,정읍,26/06/2023,-0.08
245,정읍,27/06/2023,0.21
245,정읍,28/06/2023,1.09
245,정읍,29/06/2023,1.4
245,정읍,30/06/2023,1.44
245,정읍,01/07/2023,1.31
245,정읍,02/07/2023,1.24
245,정읍,03/07/2023,1.14
245,정읍,04/07/2023,1.28
245,정읍,05/07/2023,1.3
245,정읍,06/07/2023,1.18
245,정읍,07/07/2023,1.34
245,정읍,08/07/2023,1.33
245,정읍,09/07/2023,1.25
245,정읍,10/07/2023,1.19
245,정읍,11/07/2023,1.21
245,정읍,12/07/2023,1.14
245,정읍,13/07/2023,1.18
245,정읍,14/07/2023,1.82
245,정읍,15/07/2023,1.95
245,정읍,16/07/2023,1.91
245,정읍,17/07/2023,2.04
245,정읍,18/07/2023,2.24
245,정읍,19/07/2023,2.22
245,정읍,20/07/2023,2.27
245,정읍,21/07/2023,2.22
245,정읍,22/07/2023,2.19
245,정읍,23/07/2023,2.38
245,정읍,24/07/2023,2.56
245,정읍,25/07/2023,2.73
245,정읍,26/07/2023,2.74
245,정읍,27/07/2023,2.73
245,정읍,28/07/2023,2.72
245,정읍,29/07/2023,2.66
245,정읍,30/07/2023,2.63
245,정읍,31/07/2023,2.59
245,정읍,01/08/2023,2.54
245,정읍,02/08/2023,2.52
245,정읍,03/08/2023,2.48
245,정읍,04/08/2023,2.44
245,정읍,05/08/2023,2.24
245,정읍,06/08/2023,2.21
245,정읍,07/08/2023,2.22
245,정읍,08/08/2023,2.17
245,정읍,09/08/2023,2.04
245,정읍,10/08/2023,2.36
245,정읍,11/08/2023,2.37
245,정읍,12/08/2023,2.38
245,정읍,13/08/2023,2.36
245,정읍,14/08/2023,2.34
245,정읍,15/08/2023,2.32
245,정읍,16/08/2023,2.27
245,정읍,17/08/2023,2.26
245,정읍,18/08/2023,2.2
245,정읍,19/08/2023,2.18
245,정읍,20/08/2023,2.13
245,정읍,21/08/2023,2.1
245,정읍,22/08/2023,2.08
245,정읍,23/08/2023,2.23
245,정읍,24/08/2023,2.28
245,정읍,25/08/2023,2.24
245,정읍,26/08/2023,2.25
245,정읍,27/08/2023,2.24
245,정읍,28/08/2023,2.15
245,정읍,29/08/2023,1.9
245,정읍,30/08/2023,1.9
245,정읍,31/08/2023,1.86
245,정읍,01/09/2023,1.79
245,정읍,02/09/2023,1.79
245,정읍,03/09/2023,1.78
245,정읍,04/09/2023,1.77
245,정읍,05/09/2023,1.75
245,정읍,06/09/2023,1.75
245,정읍,07/09/2023,1.74
245,정읍,08/09/2023,1.74
245,정읍,09/09/2023,1.74
245,정읍,10/09/2023,1.76
245,정읍,11/09/2023,1.75
245,정읍,12/09/2023,1.73
245,정읍,13/09/2023,1.78
245,정읍,14/09/2023,1.82
245,정읍,15/09/2023,1.8
245,정읍,16/09/2023,1.75
245,정읍,17/09/2023,2.02
245,정읍,18/09/2023,1.99
245,정읍,19/09/2023,2.01
245,정읍,20/09/2023,2.09
245,정읍,21/09/2023,2.08
245,정읍,22/09/2023,2.09
245,정읍,23/09/2023,2.11
245,정읍,24/09/2023,2.09
245,정읍,25/09/2023,2.11
245,정읍,26/09/2023,2.1
245,정읍,27/09/2023,2.02
245,정읍,28/09/2023,1.75
245,정읍,29/09/2023,1.64
245,정읍,30/09/2023,1.64
245,정읍,01/10/2023,1.71
245,정읍,02/10/2023,1.71
245,정읍,03/10/2023,1.77
245,정읍,04/10/2023,1.66
245,정읍,05/10/2023,1.58
245,정읍,06/10/2023,1.62
245,정읍,07/10/2023,1.55
245,정읍,08/10/2023,1.57
245,정읍,09/10/2023,1.64
245,정읍,10/10/2023,1.68
245,정읍,11/10/2023,1.66
245,정읍,12/10/2023,1.69
245,정읍,13/10/2023,1.7
245,정읍,14/10/2023,1.23
245,정읍,15/10/2023,1.09
245,정읍,16/10/2023,1.09
245,정읍,17/10/2023,0.97
245,정읍,18/10/2023,0.71
245,정읍,19/10/2023,0.74
245,정읍,20/10/2023,0.78
245,정읍,21/10/2023,0.79
245,정읍,22/10/2023,0.8
245,정읍,24/10/2023,0.33
245,정읍,25/10/2023,0.07
245,정읍,26/10/2023,0.04
245,정읍,27/10/2023,0.04
245,정읍,28/10/2023,0.05
245,정읍,29/10/2023,0.07
245,정읍,30/10/2023,0.08
245,정읍,31/10/2023,0.09
245,정읍,01/11/2023,0.12
245,정읍,02/11/2023,0.16
245,정읍,03/11/2023,0.19
245,정읍,04/11/2023,0
245,정읍,05/11/2023,0.29
245,정읍,06/11/2023,0.39
245,정읍,07/11/2023,0.36
245,정읍,08/11/2023,0.39
245,정읍,09/11/2023,0.54
245,정읍,10/11/2023,-0.03
245,정읍,11/11/2023,0
245,정읍,12/11/2023,0.01
245,정읍,13/11/2023,0.06
245,정읍,14/11/2023,0.09
245,정읍,15/11/2023,0.12
245,정읍,16/11/2023,0.29
245,정읍,17/11/2023,0.41
245,정읍,18/11/2023,0.49
245,정읍,19/11/2023,0.53
245,정읍,20/11/2023,0.58
245,정읍,21/11/2023,0.65
245,정읍,22/11/2023,0.65
245,정읍,23/11/2023,0.42
245,정읍,24/11/2023,0.35
245,정읍,25/11/2023,0.43
245,정읍,26/11/2023,0.48
245,정읍,27/11/2023,0.44
245,정읍,28/11/2023,0.49
245,정읍,29/11/2023,0.49
245,정읍,30/11/2023,0.52
245,정읍,01/12/2023,0.61
245,정읍,02/12/2023,0.66
245,정읍,03/12/2023,0.69
245,정읍,04/12/2023,0.7
245,정읍,05/12/2023,0.8
245,정읍,06/12/2023,0.82
245,정읍,07/12/2023,0.88
245,정읍,08/12/2023,0.93
245,정읍,09/12/2023,0.99
245,정읍,10/12/2023,0.98
245,정읍,11/12/2023,1.2
245,정읍,12/12/2023,1.22
245,정읍,13/12/2023,1.09
245,정읍,14/12/2023,1.17
245,정읍,15/12/2023,1.19
245,정읍,16/12/2023,0.93
245,정읍,17/12/2023,0.89
245,정읍,18/12/2023,0.93
245,정읍,19/12/2023,0.98
245,정읍,20/12/2023,0.77
245,정읍,21/12/2023,0.86
245,정읍,22/12/2023,0.9
245,정읍,23/12/2023,0.92
245,정읍,24/12/2023,1
245,정읍,25/12/2023,1
245,정읍,26/12/2023,0.97
245,정읍,27/12/2023,0.98
245,정읍,28/12/2023,0.98
245,정읍,29/12/2023,1.05
245,정읍,30/12/2023,1.07
245,정읍,31/12/2023,1.1
245,정읍,01/01/2024,1.17
245,정읍,02/01/2024,1.18
245,정읍,03/01/2024,1.2
245,정읍,04/01/2024,1.2
245,정읍,05/01/2024,1.29
245,정읍,06/01/2024,1.34
245,정읍,07/01/2024,1.35
245,정읍,08/01/2024,1.33
245,정읍,09/01/2024,1.41
245,정읍,10/01/2024,1.49
245,정읍,11/01/2024,1.55
245,정읍,12/01/2024,1.59
245,정읍,13/01/2024,1.57
245,정읍,14/01/2024,1.55
245,정읍,15/01/2024,1.55
245,정읍,16/01/2024,1.52
245,정읍,17/01/2024,1.58
245,정읍,18/01/2024,1.68
245,정읍,19/01/2024,1.66
245,정읍,20/01/2024,1.81
245,정읍,21/01/2024,1.83
245,정읍,22/01/2024,1.91
245,정읍,23/01/2024,2.04
245,정읍,24/01/2024,2.07
245,정읍,25/01/2024,2.09
245,정읍,26/01/2024,2.07
245,정읍,27/01/2024,2.12
245,정읍,28/01/2024,2.12
245,정읍,29/01/2024,2.18
245,정읍,30/01/2024,2.21
245,정읍,31/01/2024,2.25
245,정읍,01/02/2024,2.27
245,정읍,02/02/2024,2.23
245,정읍,03/02/2024,2.3
245,정읍,04/02/2024,2.33
245,정읍,05/02/2024,2.32
245,정읍,06/02/2024,2.39
245,정읍,07/02/2024,2.44
245,정읍,08/02/2024,2.43
245,정읍,09/02/2024,2.18
245,정읍,10/02/2024,2.18
245,정읍,11/02/2024,2.17
245,정읍,12/02/2024,2.26
245,정읍,13/02/2024,2.27
245,정읍,14/02/2024,2.29
245,정읍,15/02/2024,2.34
245,정읍,16/02/2024,2.02
245,정읍,17/02/2024,1.8
245,정읍,18/02/2024,2.02
245,정읍,19/02/2024,2.22
245,정읍,20/02/2024,2.29
245,정읍,21/02/2024,2.56
245,정읍,22/02/2024,2.68
245,정읍,23/02/2024,2.63
245,정읍,24/02/2024,2.77
245,정읍,25/02/2024,2.66
245,정읍,26/02/2024,2.69
245,정읍,27/02/2024,2.55
245,정읍,28/02/2024,2.51
245,정읍,02/03/2024,2.49
245,정읍,03/03/2024,2.47
245,정읍,04/03/2024,2.5
245,정읍,05/03/2024,2.49
245,정읍,06/03/2024,2.45
245,정읍,07/03/2024,2.46
245,정읍,08/03/2024,2.48
245,정읍,09/03/2024,2.42
245,정읍,10/03/2024,2.46
245,정읍,11/03/2024,2.32
245,정읍,12/03/2024,2.38
245,정읍,13/03/2024,2.44
245,정읍,14/03/2024,2.22
245,정읍,15/03/2024,1.58
245,정읍,16/03/2024,1.53
245,정읍,17/03/2024,1.51
245,정읍,18/03/2024,1.5
245,정읍,19/03/2024,1.49
245,정읍,20/03/2024,1.31
245,정읍,21/03/2024,1.23
245,정읍,22/03/2024,1.21
245,정읍,23/03/2024,1.18
245,정읍,24/03/2024,1.09
245,정읍,25/03/2024,1.31
245,정읍,26/03/2024,1.69
245,정읍,27/03/2024,1.64
245,정읍,28/03/2024,1.95
245,정읍,29/03/2024,1.93
245,정읍,30/03/2024,1.93
245,정읍,31/03/2024,1.89
245,정읍,01/04/2024,1.82
245,정읍,02/04/2024,1.96
245,정읍,03/04/2024,2.26
245,정읍,04/04/2024,2.29
245,정읍,05/04/2024,2.25
245,정읍,06/04/2024,2.15
245,정읍,07/04/2024,2.12
245,정읍,08/04/2024,2.15
245,정읍,09/04/2024,2.12
245,정읍,10/04/2024,2.11
245,정읍,11/04/2024,2.14
245,정읍,12/04/2024,2.11
245,정읍,13/04/2024,2.03
245,정읍,14/04/2024,1.93
245,정읍,15/04/2024,1.96
245,정읍,16/04/2024,1.84
245,정읍,17/04/2024,1.72
245,정읍,18/04/2024,1.65
245,정읍,20/04/2024,1.4
245,정읍,21/04/2024,1.48
245,정읍,22/04/2024,1.42
245,정읍,23/04/2024,1.26
245,정읍,24/04/2024,1.17
245,정읍,25/04/2024,1.14
245,정읍,26/04/2024,1.1
245,정읍,27/04/2024,1.05
245,정읍,28/04/2024,1.01
245,정읍,29/04/2024,1.06
245,정읍,30/04/2024,1.03
245,정읍,01/05/2024,1
245,정읍,02/05/2024,0.97
245,정읍,03/05/2024,0.87
245,정읍,04/05/2024,0.8
245,정읍,05/05/2024,1.07
245,정읍,06/05/2024,1.01
245,정읍,07/05/2024,0.94
245,정읍,08/05/2024,0.97
245,정읍,09/05/2024,0.96
245,정읍,10/05/2024,0.94
245,정읍,11/05/2024,1.09
245,정읍,12/05/2024,1.1
245,정읍,13/05/2024,1.01
245,정읍,14/05/2024,0.96
245,정읍,15/05/2024,0.97
245,정읍,16/05/2024,0.95
245,정읍,17/05/2024,0.95
245,정읍,18/05/2024,0.72
245,정읍,19/05/2024,0.55
245,정읍,20/05/2024,0.46
245,정읍,21/05/2024,0.24
245,정읍,22/05/2024,0.17
245,정읍,23/05/2024,0.16
245,정읍,24/05/2024,0.06
245,정읍,25/05/2024,0.04
245,정읍,26/05/2024,0.14
245,정읍,27/05/2024,0.14
245,정읍,28/05/2024,0.14
245,정읍,29/05/2024,0.09
245,정읍,30/05/2024,0.05
245,정읍,31/05/2024,0.03
245,정읍,01/06/2024,0
245,정읍,02/06/2024,-0.03
245,정읍,03/06/2024,-0.02
245,정읍,04/06/2024,-0.02
245,정읍,05/06/2024,-0.06
245,정읍,06/06/2024,-0.06
245,정읍,07/06/2024,-0.1
245,정읍,08/06/2024,-0.16
245,정읍,09/06/2024,-0.19
245,정읍,10/06/2024,-0.25
245,정읍,11/06/2024,-0.28
245,정읍,12/06/2024,-0.26
245,정읍,13/06/2024,-0.26
245,정읍,14/06/2024,-0.18
245,정읍,15/06/2024,-0.17
245,정읍,16/06/2024,-0.17
245,정읍,17/06/2024,-0.21
245,정읍,18/06/2024,-0.26
245,정읍,19/06/2024,-0.33
245,정읍,20/06/2024,-0.39
245,정읍,21/06/2024,-0.4
245,정읍,22/06/2024,-0.14
245,정읍,23/06/2024,-0.13
245,정읍,24/06/2024,-0.21
245,정읍,25/06/2024,-0.43
245,정읍,26/06/2024,-0.78
245,정읍,27/06/2024,-0.83
245,정읍,28/06/2024,-1.17
245,정읍,29/06/2024,-0.9
245,정읍,30/06/2024,-0.79
245,정읍,01/07/2024,-0.89
245,정읍,02/07/2024,-1
245,정읍,03/07/2024,-1.13
245,정읍,04/07/2024,-1.2
245,정읍,05/07/2024,-1.19
245,정읍,06/07/2024,-1.19
245,정읍,07/07/2024,-1.22
245,정읍,08/07/2024,-1
245,정읍,09/07/2024,-0.14
245,정읍,10/07/2024,0
245,정읍,11/07/2024,-0.04
245,정읍,12/07/2024,-0.13
245,정읍,13/07/2024,-0.15
245,정읍,14/07/2024,-0.2
245,정읍,15/07/2024,-0.28
245,정읍,16/07/2024,-0.25
245,정읍,17/07/2024,-0.3
245,정읍,18/07/2024,-0.2
245,정읍,19/07/2024,-0.09
245,정읍,20/07/2024,0.04
245,정읍,21/07/2024,0.05
245,정읍,22/07/2024,0.02
245,정읍,23/07/2024,-0.01
245,정읍,24/07/2024,-0.03
245,정읍,25/07/2024,-0.06
245,정읍,26/07/2024,-0.08
245,정읍,27/07/2024,-0.1
245,정읍,28/07/2024,-0.04
245,정읍,29/07/2024,-0.09
245,정읍,30/07/2024,-0.09
245,정읍,31/07/2024,-0.11
245,정읍,01/08/2024,-0.14
245,정읍,02/08/2024,-0.17
245,정읍,03/08/2024,-0.17
245,정읍,04/08/2024,-0.2
245,정읍,05/08/2024,-0.16
245,정읍,06/08/2024,-0.16
245,정읍,07/08/2024,-0.2
245,정읍,08/08/2024,-0.26
245,정읍,09/08/2024,-0.28
245,정읍,10/08/2024,-0.32
245,정읍,11/08/2024,-0.42
245,정읍,12/08/2024,-0.46
245,정읍,13/08/2024,-0.49
245,정읍,14/08/2024,-0.5
245,정읍,15/08/2024,-0.53
245,정읍,16/08/2024,-0.47
245,정읍,17/08/2024,-0.49
245,정읍,18/08/2024,-0.53
245,정읍,19/08/2024,-0.55
245,정읍,20/08/2024,-0.47
245,정읍,21/08/2024,-0.46
245,정읍,22/08/2024,-0.37
245,정읍,23/08/2024,-0.43
245,정읍,24/08/2024,-0.47
245,정읍,25/08/2024,-0.52
245,정읍,26/08/2024,-0.61
245,정읍,27/08/2024,-0.63
245,정읍,28/08/2024,-0.66
245,정읍,29/08/2024,-0.7
245,정읍,30/08/2024,-0.73
245,정읍,31/08/2024,-0.78
245,정읍,01/09/2024,-0.77
245,정읍,02/09/2024,-0.8
245,정읍,03/09/2024,-0.81
245,정읍,04/09/2024,-0.82
245,정읍,05/09/2024,-0.84
245,정읍,06/09/2024,-0.88
245,정읍,07/09/2024,-0.83
245,정읍,08/09/2024,-0.88
245,정읍,09/09/2024,-0.89
245,정읍,10/09/2024,-0.89
245,정읍,11/09/2024,-0.9
245,정읍,12/09/2024,-0.91
245,정읍,13/09/2024,-0.92
245,정읍,14/09/2024,-0.92
245,정읍,15/09/2024,-0.93
245,정읍,16/09/2024,-0.92
245,정읍,17/09/2024,-0.93
245,정읍,18/09/2024,-0.89
245,정읍,19/09/2024,-0.88
245,정읍,20/09/2024,-0.6
245,정읍,21/09/2024,-0.24
245,정읍,22/09/2024,-0.33
245,정읍,23/09/2024,-0.33
245,정읍,24/09/2024,-0.29
245,정읍,25/09/2024,-0.25
245,정읍,26/09/2024,-0.24
245,정읍,27/09/2024,-0.21
245,정읍,28/09/2024,-0.19
245,정읍,29/09/2024,-0.29
245,정읍,30/09/2024,-0.34
245,정읍,01/10/2024,-0.3
245,정읍,02/10/2024,-0.31
245,정읍,03/10/2024,-0.38
245,정읍,04/10/2024,-0.33
245,정읍,05/10/2024,-0.31
245,정읍,06/10/2024,-0.28
245,정읍,07/10/2024,-0.24
245,정읍,08/10/2024,-0.35
245,정읍,09/10/2024,-0.86
245,정읍,10/10/2024,-0.98
245,정읍,11/10/2024,-0.96
245,정읍,12/10/2024,-0.89
245,정읍,13/10/2024,-0.88
245,정읍,14/10/2024,-0.7
245,정읍,15/10/2024,-0.65
245,정읍,16/10/2024,-0.63
245,정읍,17/10/2024,-0.58
245,정읍,18/10/2024,-0.61
245,정읍,19/10/2024,-0.67
245,정읍,20/10/2024,-0.85
245,정읍,21/10/2024,-0.8
245,정읍,22/10/2024,-0.65
245,정읍,23/10/2024,-0.61
245,정읍,24/10/2024,-0.6
245,정읍,25/10/2024,-0.56
245,정읍,26/10/2024,-0.56
245,정읍,27/10/2024,-0.56
245,정읍,28/10/2024,-0.55
245,정읍,29/10/2024,-0.52
245,정읍,30/10/2024,-0.51
245,정읍,31/10/2024,-0.51
245,정읍,01/11/2024,-0.42
245,정읍,02/11/2024,-0.38
245,정읍,03/11/2024,-0.35
245,정읍,04/11/2024,-0.28
245,정읍,05/11/2024,-0.61
245,정읍,06/11/2024,-0.6
245,정읍,07/11/2024,-0.56
245,정읍,08/11/2024,-0.52
245,정읍,09/11/2024,-0.46
245,정읍,10/11/2024,-0.4
245,정읍,11/11/2024,-0.37
245,정읍,12/11/2024,-0.36
245,정읍,13/11/2024,-0.31
245,정읍,14/11/2024,-0.28
245,정읍,15/11/2024,-0.26
245,정읍,16/11/2024,-0.38
245,정읍,17/11/2024,-0.36
245,정읍,18/11/2024,-0.35
245,정읍,19/11/2024,-0.33
245,정읍,20/11/2024,-0.42
245,정읍,21/11/2024,-0.43
245,정읍,22/11/2024,-0.4
245,정읍,23/11/2024,-0.36
245,정읍,24/11/2024,-0.32
245,정읍,25/11/2024,-0.05
245,정읍,26/11/2024,-0.11
245,정읍,27/11/2024,-0.05
245,정읍,28/11/2024,0
245,정읍,29/11/2024,0.15
245,정읍,30/11/2024,0.37
245,정읍,01/12/2024,0.45
245,정읍,02/12/2024,0.53
245,정읍,03/12/2024,0.55
245,정읍,04/12/2024,0.56
245,정읍,05/12/2024,0.64
245,정읍,06/12/2024,0.62
245,정읍,07/12/2024,0.69
245,정읍,08/12/2024,0.74
245,정읍,09/12/2024,0.8
245,정읍,10/12/2024,0.79
245,정읍,11/12/2024,0.81
245,정읍,12/12/2024,0.84
245,정읍,13/12/2024,0.88
245,정읍,14/12/2024,0.91
245,정읍,15/12/2024,0.97
245,정읍,16/12/2024,1.05
245,정읍,17/12/2024,1.12
245,정읍,18/12/2024,1.13
245,정읍,19/12/2024,1.19
245,정읍,20/12/2024,0.72
245,정읍,21/12/2024,-0.25
245,정읍,22/12/2024,-0.24
245,정읍,23/12/2024,-0.22
245,정읍,24/12/2024,-0.18
245,정읍,25/12/2024,-0.18
245,정읍,26/12/2024,-0.18
245,정읍,27/12/2024,-0.11
245,정읍,28/12/2024,0.06
245,정읍,29/12/2024,0.09
245,정읍,30/12/2024,0.13
245,정읍,31/12/2024,0.11
